שם מלא,שם סיפור,הסיפור,תקופה
קלמן שולמן,אלישע בן אבויה,"איש היה בירושלים, אָשֵר שמו, והיה האיש ההוא נקי כפים ובר לבב, נכבד בעיני נכבדי עם, ומהֻלל בפי כל אנשי תהִלה. בית והון הנחילו אבותיו, וה' הוכיח לו אשה משכלת, בת נדיב, רִבְקָה שמה. לתקופת הימים, לפי מְלֹאת ימי הֵרוֹנָה, הִמליטה זָכר, ותקרא את שמו כשם אביה ראובן. כפֶרח שוֹשן פָּרַח הילד בבית אבותיו, ויהי כחבצלת הוֹדוֹ, ומַראהו כְנִצָנֵי האביב. בכל יום לִפְנוֹת ערב, בשוב אָשֵׁר מכרמי חמדתו ומעשתרות צאנו הביתה, קִדמה רבקה את פניו בשמָחות וגיל, וראובן רץ לקראתו בתרועה וקול זִמרה, ויקרא לפניו את דברי התורה אשר הורהו מוֹרוֹ בבית הספר. אמנם אף כי זָרחה לו השמש בכל קרני אורה, בכל זאת לא עצרה כֹחַ לְהָניס מחדרי לבבו את צִללי הליל אשר יִנָטוּ פעמים רבות בתוכם: כי רבות פעמים סָרה מעליו רוח ה' הטובה וּבִעֲתַתּוּ רוח רעה מאת האלהים, ואז זָרה רוחוֹ גם לאשת נעוריו ידידת נפשו, וגם לבנו יחידו מחמד בת עינו. לפעמים – בהִתהולל רוח הרעה בחֻבו – חִבק את ראובן בזרֹעותיו, ובכל מאמצי כחַ הֶחזיק בו וישימהו אל לבו, כאשר כונן איש משחית לגזול את הילד מחיקו ולנַפצו על הסלע לעיניו – וככה יחזיק בו עד כי יִבָּקְעוּ עֵינוֹת עֵינָיו וְיֵבְךְּ מנהמת לבו. לשוא עִנה בצום נפשו ימים רבים גם הִרבה תפִלה לאֵל חי כי ישיב מעליו אפו! לשוא זָרע לצדקה ויעש חסד לאלפים להרגיע את הַנֹחַם2 הַמִסְתַּתֵּר בקרבו! – לשוא כל אלה! לבו כים נִגרש השקט לא יוכל! וגם על משכבו בלילות עוֹרְקָיו לא ישכבו, והנֹחם כמסֹס נֹסס יתנוסס בו. רבקה התעצבה מאד על בעל נעוריה כי כבדה עליו תִגרת יד ה' והוא הַסְתֵר יסתיר ממנה את הנסִבה אשר הֵסַבָה לו כל זאת. אך את אשר הֶעלים ממנה בהקיץ, נגלה לה בַחלום חֶזְיוֹן לֵילוֹתָיו, כי אז יֶאנק אֶנקת חלל, ובבכי וּנְהִי תמרורים יְשַׁוֵעַ: “אהה בני! בני! – התולדה! הבור! –.” הדברים האלה יָעידו כי חטאה גדולה מתלוננת בסתר לבבו, ובעֹצֶם ידה קדַר יתהלך. אבל מי יפתור לה את חלומו? מי יודיענה את פֵשֶר דבריו? ומי יגלה את אזנה מה היא חטאת נפשו אשר יירא ממנה פן תקח בכורו ממנו? –. כי על כן חגרה רבקה בָעֹז מתניה לעשות תחבולות ולמצוא את המָקור אשר ממנו תוצאות רעָתו ומחלת נפשו, למען תשכיל ותדע במה תְרַפֵּא את שבר רוחו ותחַבש לעצבָתו –.

וּלְאָשֵׁר מודע, רֵעַ כאח ואוהב טהר לב, ושמו מאיר, עלם יקר רוח וטוב שכל, חֲכַם לבב ורב תבונות, אחד מבחירי תלמידי החכמים אשר בירושלים. שני רֵעִים האלה הִמתיקו יחדו סוד בימי נעוריהם, וישקדו על דלתות בית המִדרש יום יום, גם אחרי אשר בא אשר במסורת האהבה את רבקה, והליכות ביתו עצרוהו מבוא תמיד לבית המדרש, בכל זאת יעד מועדים ידועים ועתים מזֻמנים להגות בתורה עם מאיר ידידו. אך זה כמשלש חדשים נִפרד מאיר מאָשר והוקיר רגליו מביתו, וזאת היא הנסִבה רבי אלישע בן אבויה מורו ומלמדו להועיל, פָשַע בימים ההם באלהי ישראל וַיְכַחֵש בתורתו, הִשפיק ביַלדי נכרים וְזָנָה אחרי מחשבות המִתהוללִים באלילים, אשר על כן לא נקרא עוד בשֵם אלישע – יען כי אֶל אֶל לא שָעָה עוד – רק בשם אַחֵר יכֻנה – כי נֶהפך לאיש אַחֵר וַיִשַע אל הבלי עובדי אלהים אחרים –. ומני אז היה חֶרפה בישראל, כל מכַבדיו הזילוהו, וכל מוקיריו “צא טמא!” קראו לו, גם כל חכמי לב ותופשי התורה החרימוהו וַיְנַדוהו. בהיותו משֻלח ונדח, נִבזה ונִמאס; נלכד בחבלי עֹני, נִקְיון שנים היה בן מֶשֶק ביתו, וְחֹסֶר לחם שאֵרו הקרוב אליו. ונוסף גם זאת לו לדאבון נפש, כי בתו הידידה והיחידה תָּמָר, אחרית תוחלתו לכלכל את שיבתו, הֻכְּתָה פתאֹם בַּשִׁגָעוֹן, ותשתגע עליו כל הימים. תמר דָמתה בקומתה לתמר, והוד לה כַזַיִת, ועל כל חמדת גְוִיָתָה, גָדלה עוד תפארת נפשה, כי היתה בעלת נפש יקרה אין עֲרוֹךְ אליה, ועל כן נקשרה נפש מאיר בנפשה בעבותות אהבה, ויאבה לְקַחתה לו לעֵזר כנגדו, וגם אלישע אבה מאד בדבר הזה, כי הוא אָהב את מאיר אהבה עזה. אפס כי בפתע פתאם שִׁנתה תמר את טעמה ותתהולל כל הימים לְמֹרַת רוח אלישע וּלְמָרַת נפש מאיר. ובכל זאת היה העלם היקר הזה נאמן באהבתו אל תמר, ובברית שלומו עִם אלישע אביה, ולא עָזב את הָאֹבְדים והנִדחים ההם למוג ברעה ולשאת חרפת רעב. כל הימים ישב בבית אלישע מורו, וַיְנַהֵל אותו ואת בתו הַחוֹלָה בלחם ומים ככל אשר השיגה ידו. גם חִזק את ידי מורו הָרָפוֹת, וַינחמהו בדברים טובים, ולא שָׁת לבו אֶל דִבת עָם וְשׁוֹט לָשון. ברבות הימים הִרבה עוד אַחֵר לפשוע בה' ולכַחש בתורתו, כי כאשר הוסיפו בני עַמוֹ לְנַדוֹתוֹ ולגָרשו מֵהִסְתַפֵּחַ בנחלתם, כן הוסיף עוד סרה וכן העמיק עוד להַשחית את דרכו –. פעמים רבות הציקתהו רוח עִצבונו עד כי חפץ לשלוח יד בנפשו ולשום קץ לימי עָניו ומרודו, אך בכל פעם הֵשִׁיב מאיר אחור ימינו ולא נְתָנוֹ לטרוף נפשו באַפו. זאת היתה הנסִבה אשר הוקיר מֵאיר את רגליו מבית אָשׁר ידידו ימים רבים.

רבקה חִכתה יום יום כי יבוא מאיר לְבַקֵר את בית בעלה ידיד לבו, ואז תִדרוש מאִתו פֵשר דְבר מַחלת בַעלה ויגונו העז, אך בראותה כִּי נכזבה תוחלתה זה ימים כבירים, שָׂמה על לבה ללכת אֶל בית אחר ולבקש שם את מאיר. ואף כי בָחלה נפשה לצעוד על סף בית הפושע אשר קִללת ה' רֹבֶצֶת לפתחו; בכל זאת הֵציק לה רוחה ללכת למען דעת מה היה לבעל נעוריה ובמה תוכל להועיל לו. בנשף בערב יום החמישי בשֶבת אָשֵר בסוד חכמים כמשפטו, חָמקה עָברה באישון לילה ואפלה, ותלך לה אל בית אחר, ותשמור על מזוזת פתח האולם עד אשר יצא מאיר לקראתה. אימה חשֵכה נפלה עליה בהאזינה את קול אחר הַזֵד הארור מִתהלך בחדר מִשכבו, וְהֵד קולו יִשָמַע מארבע פנות הבית כהֵד קול שֵד לַיִל בחדר המָות –. לאט לאט נִדמה קולו, ומִלָיו נֶחבאו, כי חבלי שֵנה נפלו על עֵינָיו, ויישן. אז יצא מאיר אל פתח האולם, וַיִבָּהֵל מאד בראותו תמונה לנגד עיניו בחשכת הלילה ובבית אשר לא תדרוך רגל אדם בו, ויאמר: מי את? ומה לך פה? אם מבנות לִילִית אַת, נוסי לך מהבית הזה! כי גם בלעדֵך מְעון האֵבל הוא ורֵבץ האסון – ואם מבנות השמים אַתְ, ברוך בואך! בואי נא אל הבית הזה והפכי את מספדו למָחול –"". “מבנות אדם אנכי! – השיבה רבקה אמריה לו – אשת אָשֵר ידידך נצבת עִמְכָה בזה.” מאיר השתאה מאד בהכירו את קול רבקה אשר לא הִסכינה לְפַזֵר את דרכיה בלילות, ויאמר: האת, רכה וענֻגה, הַאַתְ תתחמָקין בֶאֱשוּן חשֶךְ לבקר את בית אַחֵר, ולבדך? – אין זאת כי אם דבר נחוץ הביאך עד הלום! – סַפְּרִי נָא לִי, סַפֵרִי! – “דבר אלהים לי אליך!” ענתה רבקה בפִיק בִרכים, ""שמעני נא עלם יקר! וישמע אליך אלהים –.”

חִיל אָחז את מאיר בשמעו עת דבריה, וירהיב עז בנפשו, וַיְנַהֵג אותה דרך החצר, ויביאנה אל חדר בית הנשים, שמה ספרה לו כי רוח רעה נוססה בלבב אָשֵר בהקיץ ובחלום, ועל משכבו בלילות יצעק לבו תמיד: ""בני! בני! החולדה! הבור! -. ""מה היא סִבַּת רוחו הרעה? ומה פתרון דברי חלומו? אם יד השגעון נָגעה בו? או הַנֹחַם יציק לו על אֹדות חטָאה גדולה אשר יַסתירה בקרבו ויכחידנה תחת לשונו? –. ""מאיר חשב מחשבות רגעים אחדים, ורוח בינתו הודיע לו פֵשר הדבר, אך הוא מנעהו בתוך חִכו, וימָאן לגלותו לאזני רבקה לבל תִּבָּהֵל וְתֵעָוֶה משמוע –. אולם היא האיצה וַתַפְצֵר בו בקול בֹּכִים כי יְגַלֶה לה את התעלומה הזאת, כי יתר הרבה תגדל עוד הצרה אם תשים חֹשֶׁךְ סתרה –. וַיֵעָתֵר לה מאיר, ויפתח פיהו בחכמה ויאמר: ""דעי לך אשה יראת ה‘! כי זה לפני חדשים אחדים נִדברו לִמודי ה’ בבית המדרש על דבר קְדוּשַת השבועה, ואחרית האיש המֵפיר אָלָה. ולמען תֵּת פחד ה' אל מפירי אָלָה, סֻפּר קֹשט דבר אמת זה: כי בחור חמד מבני נדיבים אהב נערה עֲנִיָה וישרת לב. ויהי היום בלכתם לשוח בשדה, נשבע לה הנער כי יארשנה לו לאשה, ובלבבו חָשב: הן אין עדים בזה, ומי יַענה כַּחשי בפָני? אך הנערה לא האמינה בשבועתו זאת, ותאמר: “אם אין ברוחך רמיה, הִשָׁבְעָה נא לי כיום בַּבוֹר הזה אשר נכח עינינו, ובַחוּלְדָה ההיא הַמְפַזֶזֶת שם בין סבכי היער. הן עֵדים בזה אַיִן לשמוע את שבועתך; אך אם תִשְקֹר לי, אזי יקחו החולדה והבור מאתך נקם.” הנער נשבע לה. ובקרבו צחָק לתֻמת לבבה, ויאמר בלבו: “למה אירא מדִברי אֶפע כאלה? מה יעשו חולדה ובור לי?” וישב אל ביתו, ולא שָת לבו להשבועה אשר נשבע לה, ולא ארכו הימים ויתחתן באיש אפרתי מבני העשירים, ויקח את בתו לו לאשה, ויאהב אותה אהבת נפש, והיא ילדה לו שני בנים מחמדי בת עין. אך הנוטע אֹזן הלא ישמע? והוא שמע את השבועה – וַיִתְעַבָּר! –. ויהי היום למועד הִכָּנֵס בנו הצעיר בברית אברהם, והנה חולדה מְגֹאֶלֶת בדם קָפְצָה מעל לב הילד, והיא מצצה את דְמֵי לבבו, וימת. במהומת מות כזאת, לא הפנו האבות אל בנם הבכור כי איננו בבית, והוא מפזז ומכרכר על פני השדה בשמחת לבב כמשפט הילדים אשר כגילו. ובנשאו את עיניו וירא והנה פרחי חֵן אשר להם הרִקמה, יפרחו מנגד, ויחמוד את יָפים, וירץ בחפזה אליהם, ולא התבונן כי בור עמוק מכֻסה בדשא תחת רגליו, וַיִפֹּל בתוכו, וַתִּשָבֵר מַפרקתו והִתפרדו כל עצמותיו, וימת. אחרי עֲבור הבהלה הראשונה, בִקשו האב והאם את בנם הָאֹבד, וימצאוהו מֵת, ועצמותיו לפי פַֹחַת נִפזרו –. האֵם התעלפה ולא נותרה בה נשמה בראותה כי שִכְּלָה את שני ילדיה הנעימים ביום אחד. אך האב הִבליג עֲלֵי יגונו האיום והנורא, ויֵדַע כי נִקמת ה' היא, נקמת שבועתו אשר הֵפִיר –. ועתה אַתְּ אשה יראת ה'! סַפרי נא לי אולי הִגיד לך אישך כי משוגת האב השָכול ההוא גם אִתו תָּלִין? אולי נשבע גם הוא אהבת עולם לעלמה אשר אהֵבה וַיַחֵל אחרי כן את שבועתו? ואולי בגלל זאת יתרוצצו רגשי נֹחַם בקבו, ובגלל זאת יצר לו על בנו יחידו, ויצעק בשנָתו “החולדה! הבור!? –.”

אֵימת מָות נָפלה על רבקה בשָמעה את הדבר הזה, אך צִדקת נפשה ועזוז אמונתה ובטחונה בה‘, חִזקו את לבבה, וַיְאַמצוּ את רוחה. ותפתח את פיה ותאמר: ""הה מאיר! לא אכַחֵד ממך כי פעמים רבות סִפר לי אישי ברוח נשברה כי בימי ילדותו הלך שובב בדרכי לבו. אך לא בזַדון חָטָא ואשם, כי בני בליעל נִלוו אֵליו וַיַטוּ אשוריו ממסִלות ישרים, גם אהבת אבותיו היתה במעל הזה, כי הם אהבוהו אהבה בלי-מצָרים כי יחיד היה להם, ועל כל חטאות נעוריו כִסו באהבתם. אמנם מעת אשר לקחני לו לאשה, הוא הולך בדרך תמים, לבו שלם עִם ה’ ועִם קדושיו, והוא ישר באדם ומְהִיר צדק, ונפשו יודעת מאד כי ה' הֶעביר כבר חטאות נעוריו ופשעיו. אפס כי עוֹד נכתמה נפשו בֶעָון אשר לפי ראות עינִי לא חֵטא היא, והעון הזה ימָרר את חייו כל הימים. ושמע נא איך נפל הדבר: בימי ילדותו חָשַק בתמר בת אַחֵר, כי היא צָדַתְהוּ ביפעת עיניה, ובטֹהַר אהבתה לָקחה את לבבו, וַיִשָׁבַע לה בה' כי יִקָחנה לו לאשה, ולא יָזַם אז לחַלל את שבועתו, רק מֵאֵן לבוא אִתה במָסורת החתונה עד מלאות לו שבע עשרה שנה. ובמלאות לו השנים ההן נִתכה חמת ה' על בית אַחֵר: כי אשתו אֵם תמר עָגבה על איש רומי, ותברח ותלך אתו אל ארצו, ואַחֵר פָּשַׁע ויכחש בה' ובתורתו. ואף כי לא מָאס אָשר את אַחֵר ולא שִקץ אותו ככל המון בני ישראל; בכל זאת לא הרהיב בנפשו עֹז להקים את השבועה אשר נשבע לתמר. ומני אז לא קרב עוד אל בית אחר, ויקח אותי לו לאשה. ומעִם תמר סָר רוח ה', ורוח עִוְעִים תבעת אותה. וזאת היתה לה מדאבון נפשה כי הובישה הורתה, או משֶבר רוחה על העֹנִי והלחץ אשר יסבול אביה הזקן, או ממצוקת לבבה כי עֲזָבָה אָשֵר דודה. ואולי כל הדברים האלה נקבצו יחדו להכותה בָשִׁגָעון ובתִמָהון. כי על כל אלה צדקת בדבריך כי מן היום אשר שמע אָשֵר את אחרית האיש אשר יֵחַל את שבועתו, כתעורר הנֹחם בקרבו, ומספר החולדה והבּוֹר אשר סֻפר בבית המדרש, יתיַצב נֹכח בפניו גם בחלום חזיון לילה"" – –.

עצמות מאיר רָחפו ממגור, ויאמר: “עתה נודע הדבר! – וְאַתְּ דעי לך כי רק השבועה אשר לא הֵקִים לתמר, רק זאת תדַכא לארץ חיָתו – אך זאת מֵאנה האמין נפשי: כי הרעות הרבות אשר מצאו את תָמר תַעצֹרנה כֹח לְשַנוֹת את טעמה! אנכי תִכַּנְתִּי את רוחה, ואנכי יודע כי אף אם רכה היא וענֻגה, לא יִתְּנוּהָ צדקתה ואמונתה לרדת פלאים ולנפול ביד השגעון –. ועתה – עתה נודע לי למה זה לא חָפצה תמר בי ובאהבתי, וכל יגיעי ועמלי להטות לבה אֵלַי נִשארו מָעַל – כי אהבתה נתונה כבר לאיש אחר, והיא לא תאהב פעמָיִם” – –.

עוד לא כִלה מאיר לדבר, והנה קול צעקה מֵעֲלִיַת קיר הבית, ואחריו קול צחוק נורא, וכרגע שָבה הדממה לאיתנה, ואחרי כן שׁרה תמר את השירה הזאת:

מַה יָקַרְתְּ מַה רוֹמַמְמְּתְּ,

מַה יָפִית מַה נָעַמְתְּ

אַתְּ אַהֲבָה בְּתַעֲנוּגָיִךְ!

לֵב נִדְכֶּה תְּשַׂ מֵחִי,

שׁוֹ גַלָיו תְּשַׁבֵּחִי,

תְּחַדֵהוּ אֶת פָּנָיִךְ


אַךְ אֲבוֹי כְּי תִזְעֹמִי,

וְלֵב גֶבֶר תִּפְצֹמִי,

מִבְּלִי תְרוּפָה לִפְצָעָיִךְ!

כִּי אָז יַעֲמוֹד נֶצַח

בְּכָל עַצְמוֹתַיו רֶצַח

בְּחֵץ חַד מְאַשְׁפּוֹתָיִךְ!


דִממת מָוֶת שָׁבה וַתְּרַחֵף סביב כבראשונה, ותמר נדמתה מִספר רגעים אחדים, ואחרי כן הוסיפה להשמיע בשיר קוֹלה, וַתָשַׁר:


מֵעֵת עֲזָבַנִי דוֹדִי

עֵינִי נִגְּרָה מַיִם;

מִבַּלְעָדֶיךָ, הוֹדִי!

לָמָּה זֶה לִי חַיִים?


חֲמוֹל עָלַי עֲזוּבָה,

הָשֵׁב לִי דוֹדֶיךָ;

חֲדַר הוֹרָתִי שׁוּבָה,

וְאֶחְסֶה בִּכְנָפֶיךָ.


שׁוּבָה, חַיֵי רוּחִי!

שׁוּבָה נֶחָמָתִי!

רְאֵה נָא מְרִי שִׁיחִי,

נַהֲלֵנִי אֶל מְעוֹנָתִי.


“את השירות האלה תשיר האֻמללה בכל עת אשר תשוּב רוחה אליה” אמר מאיר אל רבקה, “עתה ידעתי כי היא תריד בשיחה ותהמה על כי עֲזָבָה אָשֵר דוֹד נעוריה, ועיניה מיחלות כי עוד ישוב אליה ויוסיף אהבתה, כי היא לא תאמין כי הוא הֵפִיר את אָלָתו. ובכל זאת תחזקנה ידיך, רבקה! הוחילי לאלהים כי יאר פניו אליך וישם לך שלום, כי הוא לא יתן לעולם מוֹט לכל המיחלים לחסדו. וגם אָשֵר אישךְ אשר יְיַסְרֵהוּ הַנֹחַם לילה ויום, גם הוא יהי מאשר לנצח, והון וָאֹשֶר בביתו. כי אֵל רחמים ישוב ירַחמהו יקים סערת לבבו לדממה, ויאמר: סלחתי” –.

ברוח נשברה יצאה רבקה מאת פני מאיר, ותשם על לבה לטְמון בחֻבה יגונה לבל תוֹסיף עוד הַאדיב את נפש בעלה ברוח עצבתה, גם להַסתיר ממנו הדבר לבַעבור יגַלה לה הוא את סִתרי נגעי לבבו בתַחבולותיה אשר תעשה, ובהביעו לה צרָתו, יֵקל וְיִרְוַח לנפשו –. גם קִותה כי ירחם ה' את אָשֵר, ויסיר את האסון הצופה על ביתו, כי זבחי אלהים רוח נשברה, ולא בָזה ולא שִקץ עֱנוּת נפש נַענה. והיא לא ידעה כי לא ינַקה ה' את המפיר אָלה, ושבעתים יִקֹם מהנושא לשוא נפשו. בשובה אל ביתה, עלתה על ערש יצועה, אך שנתה נדדה מעיניה, ותִּשבע נדודים עד מוצאי בקֶר, ואז נפלוּ חבלי שֵנה על עיניה, ותישן. ותחלום חלום נוֹרא מאד, והנה היא נוסעת בעגלה עם בעלה ובנה לשיש את אחד ממיודָעיה מָשוש ביום חתונתו. צִלצלי תרועה ושאון תֻּפים עִם מִצהלות עִלזי לב, נָגעו כבר באזניה, ולבבה שָׂמח בקרבה, ופתאם נהפך מחולה למספד, כי כרגע חָדַל מְשוֹש תפים, שָבתה המְיַת כנור ועוגב, והעגלה נִצבת בתהו יְלֵל ישימון, ותמונה נוראה לנגד עיניה, תמונת איש שֵׂיבה אשר פניו כַּמֵת חוָרו, שערות ראשו פרועות, ובגדיו וידיו חמוצים בדם – התמונה הזאת הושיטה את כַּפיה המגאלות בדמים לקראתם, והסוּסים נבהלו וישתובבוּ, וַיהפְכו את העגלה, ויפילוה לתוך בור עמוק מאד. בבור ההוא קִדם איש זקן את פניהם. עיני האיש כלפידי אש, וכעיני צפעוני תעוֹפפנה בחוריהן. וכרגע הרעים עליהם בקול שחוק נורא מאד. זלעפה ופלצה אחָזו את רבקה, ורסיסי זֵעה נזלו ממצחה; ותאבה להרים קול צעקה, אך שפתותיה נאלמו. וַתְנַס לָנוס, אך רגליה כְלַנְחֻשתיִם הֻגשוּ, הררי מעמסה הֵעיקו את לבה, ולא נתנוה השב רוחה, עד אשר דמתה בנפשה כי ירדה שאול בחיים. בַּמֵצַר כזה שָכבה רבקה כרבע שעה, עד אשר נָגעה בה יד אדם ותעירנה מִשנתה, ותִפקח את עיניה ותרא כי בעלה נִצב עליה, והוא סַר וזעף.

“רבקה!”, קרא אשר בקול תוגה, “קומי לך רעיתי! הכָּרת פניך ענתה בך כי חלום רע חָלמת – יואיל נא אֱלוהַ ויהפוך את חלומך לטובה! יִשרי לב גם כי יַחלמו חלומות רעים, הם יִרְזמוּן על רוב טוב וָיֶשַׂע –. נִפלאת היתה בעיני מדוע לא הִשְׁכַּמְתְּ בבֹקר לעשות את השבת כאשר הִסְכַּנְתְּ, על כן באתי לחדר משכבך ואראה כי מִצחך רָטוֹב בַּיֶזַע, רוחך קצרה, וקול נַחרך חָזק, וָאֵדַע כי חלום מַבהיל חלמת, ומִהרתי להעירך משנתך. אך מה נעים גורלך כי רק לעתים רחוקות תִּפָּקְדי בחלום רע, תחת אשר אנכי אֵחָת בכל לילה מידי חלומות מפחידים, וגם בהקיץ אֶבָּהֵל מֵחֶזיוֹנֵי בלָהות מַרגיזי נפש” –.

“הה אַלוף נעורי וחותם לבבי”!, קראה רבקה ברוח חן ותחנונים, “למה זה תַּסתיר את סודך ממני? תעלים את מַצפוני לבבך מרעיתך? הגידה נא לי שאהבה נפשי! מדוע תלך חשֵכים כל הימים, וגם בלילה לא ישכבון עורקיך? מדוע יְחִיתוך חלומות נוראים בשֵנה, וצַלמי פלצות בהקיץ? הגידה נא לי, יקירי” –!.

“טוב לאדם אם עיניו לא תראינה את האֵיד הצָפון לצַלעו בימים יֻצָרו –! ראי נא! החיים יודעים שימותו, אך אם ידעו את יום מותם, אז לא שָמחו רגע קטן כל ימי חייהם. ועתה אַתְּ רעיתי למה זה תאבי לדעת חטאת נַפשי אשר בתִגרת ידה הָשברתי, קָדרתי, ויצורי כַצֵל כֻלם? הלא טוב לך כי הַסתר אסתיר אותה מפניך” –.

“הן אמת כי טוב לגבר לבל יֵדע יום מותו, לבעבור ישוב בכל יום אולי ימות למחר – אך מכַסה פשעיו לא יצליח, והדאגה אשר בלב איש, רק אז יַשְׁחֶנָה אם יְשִׂיחֶנָה לאחרים” –.

“הוי רעיתי! – ענה אָשֵר בלב נִפעם – מי יתן וידעתי במה אתרצה אֶל הנפש הטהורה אשר חֲבֹל חָבַלְתִי לה, הה! כי אז הודעתי חטאתי, ועוני לא כִסיתי –. אם לה' יחטא איש, יֵרָצֶה בְּצוֹם ותפִלה וצדקה, אך אם יחטא בן אדם לרעהו, לא יכֻפר לו בכל אלה, עד אשר יתרפס ירהב רעהו, וייטיב לו את הרעה אשר עשה לו, וְאַתְּ יודעת כי אנכי נשבעתי אמונה אֹמֶן לתָמר בת אַחר, והֵפרתי אחרי כן את שבועתי, ובגלל זאת הֻכתה בשגעון עד היום הזה. ועתה הגידי נא לי ידידת נפשי! איככה אוכל להיות מאֻשר באהבתך, ואיככה ישַמח בני את לבבי אם זכרתי כי קָניתי אָשרי ושמחָתי בנפש תמר ובדמי ימיה ואין לאֵל ידי להיטיב את הרעה אשר הרעותי לה? מי יקחנה לו לאשה? מי יסיר מעליה את הרוח הרעה? מי ינוד לה? ומי ירחם עליה? עד בור שחת ירדפנה קְשֵה יוֹמָה, ואין עוזר לה! ואנכי הסִבותי בכל אלה! אנכי! הה, חרב נוקמת מעופפת על פני תמיד, ועיני יראו כידי לרגעים”! –.

“שמעני יקירי”! – ענתה רבקה ברוח נכון – “חַכֵה נא עד יעבור זעם מַחלתה, ואז תקחנה אֶל ביתך ותבוא אִתָּה במָסורת החתונה כדת משה וישראל, ואנכי בכל אות נפשי אתן גם לה משפט בעלת הבית. ומה לנו ולדִבת עָם? יביעו ידברו עלינו ככל העולה על רוחם, הלא נפשנו יודעת כי חַפִּים אנחנו מפשע” –.

בלב נשבר מאד הִתבונן אָשֵר בפני רבקה, ויאמר: הוי רעיתי תמתי! כאשר תוסיפי להראות אלי את אהבתך ואת טובת לבבך; כן יוסיף יגוני להַרעימני ולדַכאני – אויה נא לי! כי נפש יקרה כמוך נָפלה בגורל נפש זְעוּם ה' כמוני –. דִמְיוֹנִי כנָבָל איש הבליעל אשר צָד בחֶרמוֹ אשה טובת-שֶכל וִיפת תאר כאביגיל – אך האלֹהים נְגָפוֹ, ואביגיל לֻקחה לדוד לאשה –. גם אנכי איש נבל ונבָלה אִתִּי! אהה ה'! תהי נא ידך בי, בְּרוֹק ברק וְלַהֲטֵנִי, הַרְעֵם רעָמיך ופצפצני, כי אנכי חטאתי ואנכי העויתי, אך חוסה נא על אשת נעורי, אל נא תִדֹם היא בעוני, גם חמוֹל נא על בני יחידי, ואל יִסָפֶה גם הוא בחטאתי, כי אלה הצֹאן מה חטאו""!! –.

""מצוקת לבבו הִדביקה לשונו לחִכו, רק שפתיו נעות לָצֶקֶת לחש. ורבקה חָמקה עָברה בלאט. כי ראתה כי גדול כאֵבו מאד, וכל תנחומותיה תשארנה מָעַל וְתוֹסֵפְנָה עוד אש ועצים הרבה על מוקדי לבבו. ותלך לבית המבשלות לעשות את שבת, ולשַלח את ראובן בנה לבית הספר.

למחר, ביום השבת, העבירו לִמודי ה' קול בבית המִדרש הבנוי לרגל הר המֹרִיָה: כי חֲכַם הרזים רבי עקיבא אשר עָלה ירושלימה, יגיד מישרים במִקדש מעט ההוא ביום השבת. קְדוֹש ה' זה, בא אל עיר הקדש לאסוֹף נדָבות בעד עניי בני עירו השוקדים על דלתות בתי המדרש, להתנפל לפני ה' על שִממות בית מִקדשו, ולשפוך כמים לבו כי ישוב יִבְנֶה צִיוֹן ויכונן מקדשו על מכונו, גם להגדיל תורה ולהאדירה, ולהכות נעוי לב בשבט פיהו על אשר נזֹרוּ מתורת ה' וחכמת אמת ויִנָזְרוּ לתורת חרטֻמי מצרים וחכמת יְוָנִית. חכמי ירושלים נתנו כָבוד לראש חכמי ישראל זה, וַירוממוהו על גַפֵּי מרוֹמי בית ה' לְבַשֵר שם צדק בקהל רב. והוא פָתח פיהו בחכמה, ותורת אמת על לשונו. שלהבת אהבת התורה מדלתי שפתיו מִתלקחת, ושביבי יראת כְּבוֹד אֵל מחדרי לבבו התמלטו. ובאחרית דבריו הוכיח בזעם אפו את זְעוּמֵי ה' המשליכים את דברי התורה ארצה, ובוֹז יבוזו לחכמת ישראל, וכל ישעם וכל חפצם רק לְחַבֵּק חֵיק נכריה, וְלִשְׁגוֹת באהבת חכמת מצרים וִיוָנים: “שמָעוני אחי ועַמי! דִבר החכם בקדשו, פה בעיר הקדושה אשר בָחר בה ה' מכל ערי התבל – פה בגיא חִזָיוֹן אשר רבבות חֹזִים חָזוּ מחזה שדי – פֹה במִקדש מעט אשר שְׁכִינַת אֵל שֹׁכֶנֶת בתוכו – פה נגד אֲרוֹן ברית ה' ונגד תורת קדשו – פה בסוד ישרים ועדת צדיקים – פה אביע אדַבר אך קֹשט אִמרי אמת, אגיד לנערי בני יעקב פִשעם, ולבחורי בית ישראל עונם! כי המה יחדו שברו עול, נִתקו מוסֵרות –. הוי פתאים חכמים בעיניהם, וסכלים נגד פניהם נבונים! הוי העוזבים מקור מים חיים את תורת אֵל חַי, לשתות מים מרים ומאררים: תורת החרטֻמים והאשָפים, וחכמת יְוָנִית אשר יבואו בקרבם לַצְבות בטן וְלַנְפּיל ירך, ולהכרית גם את נפשותיהם מחיי העולם! –.אל תדמו בנפשכם כי מתָעב אנכי את הוד החכמה, וביפעת כובדה אשים תָהלה! חלילה וחלילה לי לַחמוס מזִמות רשע כאלה! ונהפוך הוא כי אנכי מכַבד בכל לבבי את החכמה, בכבודה אֶתְיַמָר, אחפשנה ככסף, וכמטמונים אבקשנה! הלא ידעתם אם לא שמעתם כי אנכי חֵרפתי את נפשי לבֹא בנבכי ים החכמה, ובחֵקר תהום התבונה הִתהלכתי. אנכי העפלתי עֲלוֹת על מְרום הררי עֻזָה, ושלחתי את ידי ואכלתי מפרי הַפַּרְדֵס השתול שם בְּנָוה – ובחסד עליון באתי שם בשלום, גם יצאתי משם בשלום! –. ונגדה נא לכל זִקני עַמִי וחכָמיו אקרא בגרון ואגיד לכל תופשי התורה כי אם תֶחסר להם יד אחת בחכמה, תֶחסרנה להם לעומת זאת מאה ידות בתורה –3 אך לא חכמָתי חכמתכם, אתם צעירי צאן אדם! כי חכמתכם לא תתחקה על פעולות ה‘, כי אם על פוֹעֲלָם ה’, לא תַחקור מעשה ידיו, רק את עוֹשֵׂיהֶם: איך פְּעָלָם? איכה עָשָׂם? וּמַתָי? אָנָה? וּבַמָה? – ומאשר תקצר ידה דֵי הַשִׂיג חֵקר אֱלֹהַ ותַכלית שדי, על כן תחפה על ה' דְברים אשר לא כן, תִטפול עליו מַשאות שוא ומדוחים, תֵּתַע מישימון לישימון, עד – עד כי תְכַחֵש בַּכֹּל – –. אוי נא לנו כי בנינו המגֻדלים מנעוריהם על ברכי התורה הטהורה והחכמה הנאמנה, סָרו מהר מדַרכיהן הנעימים, וילכו אחרי הבלי שוא, אחרי דִמיונות תהוּ, אחרי יַלדי בני אֵל נֵכר לרע להם כל ימי עולם!! –. אמנם לא רק צעירי ימים, כי גם אנשים כבירים לימים אנשי שֵם ותופשי תורה ימָצאו בתוכנו אשר נָזֹרוּ מתורת ה' וַיִנָזרו לַבֹּשֶׁת –. הה, הביטו נא וראו אחרית אנשי עון כאלה! שִיתו לבכם אֶל אַחֵר זְעום ה‘! שֵם כבודוֹ נשמע עד אפסי ארץ, כי עשר ידות לו בכל חדרי התורה; ועתה נפל למשואות נצח, לב הותל הִטָהו אחרי הַתֹהוּ, וחכמת החרטֻמים האשָׁפים והיוָנים תוליכהו שולל ותצעידהו לתחתיות בור שחת! כל תועבת ה’ עָשׂה יעשׂה, וכל הישרה יְעַקֵש. כל זרע יעקב שפלים הם בעיניו ונבזים, וכל לִמודי ה' כטמאים נחשבו לו. גם שִנאתו אֶל הרומאים, לא מאהבת האמת היא, רק על אשר פִּתָּה אחד מהם את אשת חיקו לבגוד בו” –. “אין שלום”! אמר אֱלוה לרשעים! אחרית רשעים נכרתה! “אוי לרשע, ואוי לשכנו”! “מאֵרת ה' תחול על ראשו, ועל ראש”… ופתאם עצר החכם במִלים, ועיניו המבריקות כחזיזי זעם, משוטטות הֵנה והֵנה, והנה אחד מתלמידי החכמים הִתפרץ בתוך המון התלמידים, ויתנפל לרגלי החכם ארצה: “הֶרֶף נא מִקַלֵל”! קרא הנער ברעדה, “ידעתי אדוני כי ישר העויתי בכלכלי את שֵיבת אחר! אמנם איככה אוכל להיות אביר לב כזה לעזוב את מורי ומלמדי לעת זִקנה ככלות אוֹנוֹ וְהוֹנוֹ ובִתו היחידה הֻכתה בשגעון וכל בני אדם עזבוהו”? –.

“הוי מאיר”! דִבר אליו החכם באפו, ""איכה עֻפלה נפשך לדָבקה בזֵד ארור ההוא אשר אם יָשבו עוד כִסאות למשפט בירושלים, אז נחרץ עליו משפט מות? הבזה תהי אביר לב אם תנוס מבית חָלל רשע אשר רוחו דֶבר הוות וכל דבריו קטב יָשׁוד? ארור הוא לפני ה‘! יכרת ה’ לו שֵם ושְׁאָר, עֵר ועונה ולִהט אותו זעם ה' אשר לא יַעֲזב לו שרש וענף!! –.

ברגע ההוא נשמע קול רעם בגלגל, ועַמוד אש יָרד משמים אֶל בית המִדרש ההוא. המורים והתלמידים וכל העם נִבהלו נֶחפזו, שָערו שער, ויתמהו איש אל רעהו. אך רבי עקיבא נשא מרום עיניו, ויפרוש כפיו השמימה, ויאמר: “אֵל טוב וסלח! אם לעוברי רצונך תעשה אות לטובה כזה, בהורידך את עַמוד אִשך לבעבור אֶחדל מִזְעם וּמִקַלל את אחר זְעוּמך, מה רב טובך אשר צפנת ליראיך עושי רצונך! –. עתה שוב נא, מאיר בני! אל בית מורך לכלכל את שֵיבָתו, אך אל תאבה ואל תשמע לדבריו הרעים, פן תאלף את אורחותיו, ותשחית את נפשך לעולם –. עתה יִוָדַע לכם, כל יראי אלהים! כי ה' דורש ממנו לגמול חסד ולהיטיב לאיש חַסְדֵנוּ אף בעזבו יראת שדי –. ואתה מאיר בני! חלילה לי מקצוף עליך ומִגער בך, וגם בתחִלה לא חפצתי לקללך, רק לשמוע מפיך במה תצדיק את נפשך. וידעתי גם ידעתי כי מלאכיו יצַוה לך לשמור את רגלך מלכד, ואת לבבך מהִוָקש במוקש פועל און –. לבי יאמר לי כי יגדל שמך בישראל, ותהִלָתך תִמָלא כל הארץ”:

עוד לא כִלה החכם לדבר, והנה פתאם נשמע קול בכי ומִספד על יד פתח הבית, והאולם והרחוב נמלאו אדם מפה לפה. כל הקהל אשר בבית המִדרש, שאלו בתמהון לבב מדוע קול הקִריה הומה? ויסֻפר להם כי זה מעט נִרְצַח הילד ראובן בן אשר ורבקה ברחוב העיר בשובו מבית המִדרש אל בית אבותיו, ורבים אומרים כי אלישע בן אבויה רְצָחו נפש. כי בשוב הילד עם הילדים אשר כגילו מבית ה‘, פגשו את אלישע, והוא התיצב אצלם וישאל את פיהם את הפסוק אשר דָרַש רבי עקיבה בבית המִדרש. הילדים נָסו מפניו, אך ראובן לבדו התיצב לקראתו וישיב לו על שאֵלתו, ויחר בו אף אַחֵר וידקרהו בחניתו. רבי עקיבה נבהל מאד, ויאמר: ""נפלאת היא בעיני כי בקללי את הרשע העריץ הזה, נתן לי ה’ אוֹת בעמוד אִשוֹ כי לא הטיבותי לדַבר – אך מי יודע אם לא שָם לי ה' אות כי גם אש חמתו על הזֵד הזה מִתלקחת? – אמנם אם כה ואם כה, לא יִנָקֶה המְרַצֵחַ! כי אם לא יִשָפֵך דמי איש הדמים הזה על אשר שפך דמי ילד תמים לעיני השמש וביום השבת, אז תשוב קריה נאמנה אשר צדק ילין בה, לעיר הדמים וְרֵבֶץ מרצחים. אלהים דִבר בקדשו: “ציון במשפט תִּפָּדֶה”! ולכן אגיש את משפט הָרצֵחַ אֶל שופטי הרומאים, והם ישפטוהו וישיבו גמולו בראשו –.

“אהה אלופי”! קרא מאיר ברגש, “אמצא נא חן בעיניך אך הפעם! והטה נא אֵלַי אזנך: הה! צדיק הוא ה‘, וכל דרכיו משפט! יָדֹעַ תדע כי אָשֵר ידידי אֲבִי הילד הנִרצח, נִשבע לְתָמָר בת אַחֵר בשֵם ה’ כי יקחנה לו לאשה, ואחרי כן הֵפִיר את שבועתו, ויבגוד בה, והיא הֻכתה בשגעון מרוב עִצבונה, על כן פָקד ה' את עֲוֹן האב על בנו ביד אֲבִי הבת האֻמללה –. אמנם גם המרצח לא יִנָקֶה! כי אֵל נקמות ה‘, ונקם נקמת דמי נקיים. ואם אמת נכון הדבר כי הוא רָצַח את הילד, אזי ילַטֵהו חֲזיז נִקמת ה’ וזעם אפו; ואולי ירמוז עמוד האש אשר ירד בבית המִדרש, לשלהבת הנקמה ההיא –. הוי, הַנֹחַם הנורא יתעורר בחֻבו, יהי כעש בלבבו וכרקב בעצמותיו, וּכְשֹד משׁדי יָשֹד לְשַד חיָתו, וְיוריד את שֵיבָתוֹ בדם שאולה” –.

הֵיטבת דבר, בני! ענהו החכם, דָבר בעִתו דִברת! אתה הראיתנו לדעת כי ברב כעס לא תחדל שגיאה –. אך עליך בן חכם תנוח רוח ה‘, רוח חכמה ובינה, רוח דעת ויראת ה’. דמיונך כיעקב איש תם אשר גָר עם עשו ולבן, ולא הלך בדרכיהם הרעים, כי גם אתה גַרְתָּ עם אַחֵר זְעוּם אל, ואחרת עד כה, וְאָרַחְת לחברה עִם אָשֵר מֵפִיר אָלָה, ולא אָלפת את ארחותיהם. על כן הנני סומך את ידי עליך לתתך עליון על כל התלמידים, ואף כי צעיר אתה לימים, תֻקם עָל ובשֵם “רַבִּי” תִּקָרֵא. שפתיך ישמרו דעת קדושים, לבך יצפון תושיה, וכל מַעיָניך יהיו בתורת ה' יומם ולילה. יואיל אלוה ויגדיל שמך כשם הגדולים אשר בישראל! עתה שובה נא אֶל אַחֵר מורך, ושים לבבך איך ישַלח הַנחַם נחשים צפעונים בחֻבו"" –:

לבב העלם היקר הדגול בשֵם “רבי”, רָחַב ופָחד, וְשָמַח כמו יין, אך לרגעים תֶאבל עליו נפשו בזָכרו את הרעה הנשקפת על פני מורו, ועל פני אָשֵר ידיד נעוריו. ברוח מלא ששון ואסון שָב אל בית אַחֵר. הזקן האֻמלל הזה שוכב כאיש נִדהם על משכבו, ורק לעת הצהרים קם מתרדֵמתו. בעינים מְזָרות זְוָעָה הביט כה וכה, ויאמר: “בדד אנכי! משֻלח ונעזב כמִדבר. כל אוהבי ישנאוני, כל מכַבדי יזילוני, וכל רוֹאַי ינוסו מפני כמפני אריה משחית. ומדוע? יען כי לא מחשבותי מחשבותיהם, ויען כי מתָעב אנכי את גְאון צִדקותיהם אשר בהבל יסודם! –. הוי תולעים זוחלי ארץ! איכה תרהיבו בנפשכם עז להתחרות את הנשר הגדול הפולח לב השמים בתעופת עֻזוֹ? הלא כגבוה שמים מארץ, גבהו מחשבותי ממחשבותיכם! – . ובכל זאת מאֻשרים הם ממני בארץ! הן אמנם כי על כנפי רוח בינתי עַפְתִי בכל רחבי התבל, וָאֶסַק שמים ושמי השמים – בת עיני רָאתה אור יקרות אשר לא שְׁזָפָתו עֵין רֹאי, ובנהרי נחלי חכמה ודעת הליכות נפשי רחצתי – אך מה יתן לי ומה יוסיף לי זה, אם האמת – מַטרת חֵקר לבבי – כִסתה פניה ותתעלף? אהה! ערפלי הַשֶׁפֶק הקדירו את זהרי שְמֵי אמונתי, הִרכיבוני על רוח עִוְעִים, הִכּוּ את ראשי בתמהון, ויפיחו בי רוח משטֵמה לכל בני האדם –. מה יועיל לי זאָקראַטעס? מה יסכון לי אריסטו? גם פלאַטאָ ואחֻזת מרעיו מה יצלחו לי בחכמתם הרבה אם גם הם קִצְרֵי יד להציג את האמת ערומה כיום הִוָלְדָה? אם גם המה חָזו אך חזיונות תֹהוּ, ועל השערות תלויות בשערה אדני מֶחקריהם הָטְבָּעוּ? הה! ארורים הם כי אך הַתעה התעוני בנִבכי מבוכות תהום רבה, ובין המְיַת יְלֵל סערות גַלֵיהֶם בדד הניחוני, מְשוֹמֵם ונִפעם, ואין מָעמד, גם כל תּוֹצָאוֹת אָיִן! –. ארורים הם כל חכמי אָפַע כי גֵרשוּנִי מֵהִסְתַפֵּחַ בנחלת דת אבותי! ארורים הם כי מנעו את הטוב ממני! ועתה אין בי כחַ לשוב ולחַבק את חֵיק אֱיָלוּתִי זאת אחרי אשר שלחתיה מעל פני!! – –. גם בהיותי נכבד בעיני כל נכבדי עָם, ותלמידים רבים נהרו אלי מכל עבָרים לבקש תורה מפי; גם אז היה הַשֶׂפֶק כעש בלבבי וכרקב בעצמותי! לשוא שָמוּ אנשי השֵם קטורה באפי וירוממוני בקהל עָם! לשוא נשא אבויה אבי רבבות ברכות על אשר הוליד בן חכם ולמוד ה' כמוני! –. אבי, אבי! למה זה דליתני בגאוַת לבך וַתְּלַמְדֵנִי דעת ודרך תבונות לרע לי כל הימים? הוי! למה זה העירותני משנת התמימים? – הה, מה מָתקו ומה נעמו חיי המאמינים התמימים אשר באמונתם יחיו! –. אם לא אֶשְגֶה ישבתו שְלֻמֵי אֱמוּנֵי ישראל ביום הזה את השבת – הה, מה טובה מנוחתם ומה נָעֵמָה! כגן עדן הארץ לפניהם! עולָמָם יראו בחייהם! וְיִחיו כימי השמים על הארץ! –. אך אנכי – אויה לי! – אך אנכי אֹבֵד ונִדח לנצח, אך אנכי הולֵך קֹדֵר בלחץ יגוני הנורא, נפשי מִתעלפת, וחיי לשְאול הגיעו”!! – – –.

כדברים האלה דִבר האֻמלל ברוח נשברה, נחל דִמעה פָרץ מעיניו, ושָטף ועָבר על פניו אשר קֻמטו מִזֹקֶן וָעֹנִי. ""אמנם כן! הוסיף לְמָרֵר בבכי, אמנם כן! מתוקה היא שְנַת הבערות! מה מאֻשרת היא תמר בתי! שם בעלית קיר ביתי ממעל, שם תשב לה ותשיח עם לבבה, תשפוך מְרִי שיח ותרים קול רִנָה חליפות ביום, תבכה ותשחק לרגעים, ורק לעתים רחוקות בסור מעליה הרוח הרעה, נפשה עליה תאבל –. אוי נא לי! אנכי הסִבֹתי גם בנפשה! כי לולי בגדתי בדת אבותי, היתה כבר תָמָר למאיר תלמידי לאשה, כי הוא אהֵבה אהבת נפש, ואנכי שעשעתי נין ונכד על בִרכי, וַאֲבִיב עלומי שב אז וַיְחַדֵש ימיו כקדם –. ועתה – עתה היא עזובה ושנואה כאביה, בדודה וגלמודה בחלד, ועיני רואות את כידה, ואין לאֵל ידי להושיע לה!! – אהה! מדוע לא ינוח גם עלי רוח שגעון? מדוע לא הֻכה גם ראשי בתמהון ולבבי במהומת עִוְעִים, לבל אדע נפשי ולא אבין כל הנעשה לי!! – –.

אחרי דַברו, ישב אל ראש המִטה תָפוש ברעיוני בלהות, ומאיר התיצב מנגד ולא עָרַב את לבו להעירהו מתרדֵמת רעיוניו. אחרי רגעים אחדים הֵרים אחר את ראשו, ויקם בחָפזה ממשכבו, וַחֲזות פניו שָבוּ להפיק שאט נפש ומשטֵמה לכל החיים. אך בראותו את פני מאיר, אמר אליו ברוח עצבת: “הה מאיר! למה זה שַׁבְתָּ אֵלַי? הלא אנכי העידותי בך לבל תוסיף עוד ראות פני! ואיך לא יירא לבך מעדת המורים אשר עקיצתם עקיצת עקרב, ומדִבת עָם אשר כדֶבֶר באופל תהלך? הן אמת כי תנחומיך ישעשעו נפשי, אך חלילה לי לקנות תנחומות נפשי במחיר רב ויקר כזה! – ומה גם כי בכל עמָלך לא תוכל הועיל לי, כי תושיה נדחה ממני וגם באלהים אין ישועתה לי לנצח! – ואתה עודך עוּל ימים, כִּפָּתך עוד רעננה, ויש לך תוחלת ותקוה להיות מאֻשר בארץ, ולמה זה תשחית את נפשך חִנָם”? –.

“הוי אלופי”!, ענהו מאיר, יביעו ידברו עלי מְתֵי חלד ככל העולה על רוחם, אך אנכי לא אעזבך. הה! איככה אוכל לעזוב את אלופי לעת זקנתו ככלות כֹחו? – אך בכל זאת אַל נא תאמר לנפשך נואש, ודע לך כי כל עוד אשר תוכל בת עינך להוריד דמע, עוד לא אבד נצחך ותוחלתך, ועוד תשוב עינך לראות טוב"".

“הה בני”! – נאנח אחר בשברון מתנים – איך לא אומר לנפשי נואש, אחרי כי נִכזבה תוחלתי לדעת הליכות אֵל עולם! – הוי אך לריק יגעתי כל ימי צבאי עֲלֵי ארץ למצוא חֵקר אֱלוֹהַ! לתֹהוּ והבל כֹחי כליתי עד זִקנה ועד שיבה לבוא עד תכלית שדי! ומה לי עוד חיי בשָרים תחת השמש""? –.

“שאני נא מורי אם ארהיב בנפשי עֹז ואשאלך האם לא תדע לך כי ירבה אלוה מאנוש? וְלוּ ידע האדם דעת עליון וחֵקר אֱלוֹהַ, הלא אז היה גם הוא אֵל דֵעות כמוהו – –. ומה נִמרצו אִמרי החכם באָמרו: אִלו ידעתיו הייתיו –”.

""הן בזאת צָדקת בני! וגם אנכי כבר נסוגותי אחור מחֵפץ לבבי לראות את פְּנֵי ה' – אשר לא יִרְאֵם האדם וָחָי – אך מדוע גם אֲחֹרָיו לא יֵרָאוּ? מדוע לא יֵדע האדם שמץ דבר גם ממעשה ידיו בשמים ובארץ? – ראה נא, הנה אנכי זָקנתי ושבתי, ומנעורי הייתי בן מֶשֶק בית החכמה, ואדם אַיִן בארץ אשר הֶעמיק הִרחיב חִקרי לבבו כמוני, ובכל זאת ריקם שַׁבְתִי, ונפשי איננה יודעת עד מה, ומותר לי בְדַעַת מן הבהמה אָיִן – . הה! מי יודיעני פֵשר דְבר האדם וחלדו? – מי יפתור לי חלומנו פֹּה עֲלֵי ארץ? – מה תעודתנו בתבל ובחיי הבלנו תחת השמש? – מה מַטרת כל הבריאה הנִפלאה הזאת? מי יביאני אֶל מִסתרי הטבע? – מה ממעל לכוכבי אֵל, ומה מתחת לשאול תחתיה? – מה היה לפָנים עד לא נִבראו שמים וארץ, ומה יהיה לאָחור עת יִשָׁאוּ הם וכל צבאם שממות עולם? –. הה! מדוע נֵחַנְתִי בדֵעה בינה והשכל, ועל עפעפי צלמות?? – –.

""אהה מורי! הטרם תדע כי לעוֹן וחטאה יֵחָשֵׁב לאדם להתחקות גם על מִסְתְּרֵי אֵל ומַצפוניו? הכי לא בן מָוֶת הוא העבד אשר יִקֹּב חֹר בדלת הֵיכל מַלכו למען הביט אֶל מִסְתְּרָיו? –. ואף גם זאת כי לוּ הֶעפלת עֲלוֹת על הררי קֹדֶש האלה בעֵזר האמונה, כי עתה נִגלוּ לך תעלומות חכמה וְרָזֵי עולם, אך אתה הָרסת אֶל ה' רק בחכמת אדם לבדה בלי מִשענת האמונה, על כן נָפלת למשואות נצח –. ראה נא, גם נְעִים זמירות ישראל הִתחקה על שרשי הליכות אֵל עולם, אך הוא שָם האמונה אֵזוֹר חלָציו, ועל כן גִלה לו ה' פני לְבוּש אוֹרוֹ וַתָּאוֹרְנָה עיניו ויחזה מחזה שדי, ואז נוֹכָח וידע כי ""ראשית חכמה יראת ה' – "". ומה תכלית ספר איוב אשר כתב משה איש האלהים ברוח קדשו? הלא ללמד תועי רוח בינה ולהודיע לבני האדם כי קִצְרֵי יד הם וכל חכמתם תִּתְבַּלָע למצוא חֵקר אֵל אֵלִים הַמִסְתַּתֵּר בחֶביון הַפְלִיאָה, וסִתרי הליכותיו בַקֹדֶש אשר לא תְשוּרֵם גם עֵין כל מלאך ושָׂרף, ורק יראת ה' היא חכמת אדם, וסור מרע הוא בינת אנוש, והנסתרות – לְאֵל מסתתר! – . שית לבך לשמה מלך ישראל ראש כל חכמי תבל! הוא ברוחב בינתו צלל במצולות החכמה, ועל כל צִבאות רוּם וָשֶׁפֶל דבר נפלאות, אך בדָרשו חכמה בלי עזר האמונה, מה היתה אחריתו? כי הִתְקִיפהו הַשֶׂפֶק בַּ עֲבִי גַבֵּי מגִנו עד – עד כי התהולל בהבלי נֵכר4 –. אפס כי לא ארכו לו הימים ורוח האמונה התעוררה בלבבו, ותפקחנה עיניו לראות כי אך האמונה היא חֵלק אדם מֵאֵל ונחלת שדי ממרומים להנחילו חיי הזמן בארץ מתחת וחיי עולם בשמים ממעל, ואז קרא על גַפֵּי מרומי קרת, בראש הֹמִיוֹת ובפתחי שערים לאמר: “יראת ה' ראשית דעת!”. ובכל דברי שיריו הקדושים יביע רוח קדשו לכל בני האדם כי ליראה את ה' ולשמור מצותיו זה כל האדם! –. ועתה אתה אלופי היקר! למה זה יֵרַע לבבך כי מָנַע ה' ממך תעלומות חכמה אחרי כי אתה מָנעת את הטוב ממך בְּכַחשך באמונה ובתִתך כתף סוררת למִצות ה'? – הלא כאשר לא יִתָכֵן רְאוֹת בלי עינים ושמוע בלי אזנים, כן לא יִתָּכֵן להתחקות על הליכות רָזֵי החכמה בלי עֵזר האמונה! וכבר אמר החכם: אם אין תורה אין חכמה – "".

“אף בכל זאת חרה לי עד מָוֶת!” – ענהו אחר בזעם – “הלא אדם אנכי, בצלם אלהים עֻשיתי ונשמת שדי תחיני, ומדוע נִמשלתי כבהמה? מדוע לא אדע מאומה זולתי כי לא אדע? – וגם את נפשי לא ידעתי! הנפש הזאת נְוַת בית חָמרי היא, וכמו זרה נחשבה בעיני: נִפלאת בעיני ולא אדע מֵאַיִן היא באה? ולאָן היא הולכת? מי היא? ומה היא?”.

“למה זה מורי תִּטוֹש כעת תורת פָּלאַטָא אשר דָבקה נפשך אחריה? הלא היא אמָריה תאמר כי נשמת אדם אצולה היא מנשמת שדי, ובבואה הֵנה תבוא בַעֲדִי חכמת אלהים ודעת עליון, אך נִגזר עליה כי תשכח את הַכֹּל בהִתְחַפשה בִגְוִיַת אדם –. וגם חכמי ישראל הביעו לֶקח כזה כי ברֶדת הנפש פלאים תוך חדרי בטן, נֵר חכמת אֱלוֹהַ יָהֵל על ראשה, ולאור זה תִצפינה עיניה המון נסתרות מִקְצֵה העולם עד קְצוֹתָיו, אך בְהִתְמַלֵט הילד מרֶחם יולדתו, יַכֵּהוּ מלאך ה' על פיו וישכיחהו את כל אשר ראה וידע –. ומי מכל חכמי ישראל גם מכל חכמי הגוים אשר לא יאמינו אמונה אמָן בנֵצח הנפש ובנעימות נֶצח אשר תִשבע מזיו כְּבוֹד ה' בשמים ממעל! –”.

""הס נַער חֲסר לב! –´הִרעים עליו אחֵר בקול זעמו – ""התתנני לפני אֱוִיל אדם נִבער מדעת אשר יאמין גם במַשאות שוא ותָפל באשר כי מפי אנשי הַשֵׁם הָנְחלו לו? – איזה רוח חכמה עָברה על החכמים ההם ולא עָלַי? הלא חָכַמְתִי כמוהם גם אני, וחָכמתי לא עָמדה לי לדעת את הדבר הזה אשר הוא מְקוֹר חיים לכל החיים תחת השמש! – וכבר הִגדתי לך רבות פעמים כי אנכי לא אֹבֶה האמין בלתי אם בדברים אשר הַשג תשיג אותם בִּינָתִי, לְמֹרַת רוחי לא הִשיגָה עוד בינתי מאומה מכל אשר יאמינו חַנְפֵי לב ומוֹרֵי שקר – – "".

“סלח נא אלופי!” ענהו מאיר ברגש, סלח נא לי אם גם הפעם לא אֵחת מפני כבודך – כי בכל פעם אשר יֵחַל שֵׁם ה‘, אין נותנים כבוד גם לרב ומורה! –. הגידה נא לי איך יָעֹז אֱנוֹש רִמָה לחַפאות על אֱל צדיק דִברי בָלַע כאלה? ההוא יעשה עָוֶל כזה לכַלות את נפש האדם כִּלְיוֹן עולם? הלא הוא צוּר עולמים, פָעלו תמים, וכל מעשהו אך חסד ורחמים מן העולם ועד העולם! –. הה! איך תְּנַבֵּל כֹּה הֲדַר חכמת אלהים בתִתך בו מִגְרָעוֹת אשר לא ימָצאו גם בבן אדם ילוד אשה: ""הכי יַהרוס בֹּנֶה חכם את היכלי תפארתו? אם ישָרש עֹבֵד גנים את נִטעי נעמניו כי יעשו פֶרי? התכבד יד אנוש אֳמן על כלי תפארת מעשהו לאַבדו אבדן נצח ולשימהו כעפר לָדוש? אם יִפְקֹד א",ההשכלה
קלמן שולמן,בשובי אל ארץ מולדתי,"פה עמוד אֹרֵחַ! – הה, איך לבי מְקַפֵּץ בי! – הסו שרעפי, הסו אל תרעשו! אף רוח בקרבי הֵרָגְעִי וָדֹמִי! – הן רגלי עומדות בִּקְצֵה גבול קדשי, גבול ארץ מולדתי, ארץ אשר אליה תשוקתי מעודי בארץ נוֹדִי, ונפשי כלתה גם חלתה מחלת אהבתה – –. האח, כמֵקיץ משנת המות לֵאור באור החיים, כן הקיצותי עתה! – הֶחָלַמְתִּי עד כה? אם כל מצוקותי עד הֲלום היו אך חֲלוֹם? – הה, ומה נורא החלום ההוא! מִבַּלְהוֹת זעמו יִבַּהֲלוּ גם אלופי שְׁאוֹל, וְאֵילֵי השחת יֹאחֲזֵמוֹ רָעַד! – אך מהֻלל שם ה' כי הקיצותי – והחלום פָּשַׁט וַיָעֹף וַיֻדַד אל ארץ עיפתה – האח, הקיצותי ותמונת ארץ מולדתי אביט, וזלעפת קֹדֶש ועליצות רעד תסערנה בחדרי לבבי – שלום לך, ארץ מולדתי! אֵם עֲדִינָה! שְׂאִי שלום מאת בְּנֵך הנודד! וראי איך יתגלגלו אֶגְלֵי דמעות מִגֻלוֹת עיניו, שמעי נא סערות אנחותיו המתפרצות מִבִּתְרֵי לבבו, הביטי נא אֶל גוֹזָלֵך אשר גְזָלוֹ צוֹק עִתוֹתָיו מִקִנֵך וישׂערהו אל ארץ גזֵרה – אך למה זה אריד בשיחי? הנה שַׁבְתִּי אליך, אמי מְשׂוֹשׂ חיי! הנה שבתי אליך ואת תופיעי אלי ביפעת קדשך, תפרשי ידיך לחבקני באהבים, “ובני אתה” תקראי בהוד קולך, “אני היום ילדתיך”!… האח, מה זה תראינה עיני שם מרחוק שם על צלע הרי בתר, שם אראה בית אבי וחדר הורתי – בית אשר לא חָלוּ בו ידי אֳמן, לא נִבנה לתלפיות אף לא מָשׁוּחַ בששר, אך תוכו רצוף אהבה, צדק ילין בו, ויראת ה' היא אוצרו – הה, שם בירכתי הבית נִצְבָה ערש ילדותי, ערש אשר ישנתי בתוכה ראשית שנת חלדי ומלאכי שלום רחפו מראשותי להנעים בחלומות נעימים את נעימות תנומתי – הוי, הַמֵּצַר ההוא מֶרְחַב יָה היה לי אז, ועתה – עתה גם מֶרְחבי שמים יֵצְרוּ לנפשי הַמְּצֵרָה! – וראה נא שם בפנת הגג תְּקַנֵן עוד הדרור ותעיר קִנָּהּ בקול רִנָה כבימים הראשונים – הה צפור נודדת! ההרחקת נדוד גם בארץ הצבי צִבְאוֹת אלהי הַצְבָאוֹת? הרחפת שם על מרום הר המֹרִיָה? הה! ומה שׁלוֹם ירושלים? הַהִרְנַנְתְּ מוֹצָאֵי בִֹקֶר על תועפות ארזי אֵל בראש הלבנון? הֲיִשְׁלְיוּ שם אַחַי שארית צאן קדשים? – וראה נא גם ראה שם בַּעֲלִיַּת הקיר תעופינה עוד הַיּוֹנִים אל אֲרֻבּוֹתֵיהֶם, הָגֹה יהגו בגרונם, ובעיני יונים תַּבֵּטְנָה עלי לבקש ממני אָכלן – התכירוני עוד הה יַלְדֵי שֶׁפֶר! התכירו עוד את הילד המאֻשׁר אשר שָׂחַק בכן וַיֵט אליכן אֹכִיל? – ואתה נהר דניעפער! הנהר היוצא מעדן! מרחוק אראה מרוצת מֵימֶיךָ, מֵי זהב, ואזני תשמענה הֶמְיַת גליך המתגלגלים לרגל הר בית אבותי, וכסוד שִׂיחַ שרפי קֹדֶש ישיחו לי חידות מני קדם ושפוני טמוני דורות עולמים – על חֻפֶּיךָ, נחל עדנים! יִ שְׂגוּ עוד ערָבים רָמֵי הקומה, ובין עפאיהם כנפי רננים עוד נעלסים, ושם יִשָׁא עוד הָאִי הקטן את ראשו מעל גלי זֹהַר וזֵרֵי נצנים יכתירוהו –. שם יִפְרֶה עוד התפוח אשר בצלו חמדתי וישבתי ופריו מתוק לְחִכִּי, ושם על החוף המפנה ימה, שם מעבר מַטה מוסדה, שם עברו צִבְאוֹת סַנְחֵרִיב דוֹרֵנוּ1 לרֶשֶׁת משכנות לא להם, אך אֵל גבור גָעַר בגבור עריץ ההוא, ומגערת אפו רֻדַף כמוץ הרים לפני רוח, ואחריו ראש הֵניעה הבת רוסיא: “מי הִמְרִיצְךָ להוציא אל הֹרֵג מבחר בחור ארצך? – למה זה הִרְגַזְתָּם ממנוחות שאננות לְפַזֵר עצמותיהם על אדמת נֵכָר וּלְדַשֵׁן שדמותינו בדמי עלומיהם? הטרם ידעת כי זאת רוסיא האדירה רֹבֶצֶת כלביאה בתוך איירופה ומי יפחידנה? הטרם ידעת כי סלע כבד היא בשרשי הים וכל סערות תימן לא ישערוה ממקומה, גם כל משברי זָדוֹן על תעצומות עֻזה יתחטאוּ? – ואתה הר נִשפה אשר בתרועה הֶעפלתי עֲלוֹת על מְרוֹם קִצְךָ, וכאיל דלגתי על מִפְרְשֵׂי יריעות פרחיך! שלום לך ושלום לְאֵילֵי חָסנך הַסֹעֲרִים לב השמים בִּגְאוֹן תַּלְפִּיוֹתֵיהֶם! – מה יפה הדרת הַשֵׂיבָה המרחפת על רוּם מצחך, ימיך כימי השמים על הארץ, ועוד לא כָהתה חמדת ימי עלומיך, ככֹחך אז עת הרים יֻלדו, כן כֹחך עתה, ומעתה עד מוֹט הרים בלב ים הנצח – האח, מה יפיפית ומה נעמת! אך מה רע ומר גורלך כי נטעך יוצר הרים בערבות שְׁאִיָה כזאת, בתוך מִדְבַּר אָדָם אשר הֵשָׁם אלוה רוח רֶגֶש ולא חָלַק להם לב משכיל אל יֹפי ונשגב – למן היום אשר חוללה אותך יד מחולל כֹּל, נרדם הַהֵד בסתר כנפיךְ מבלי מעִירוֹ בהֶמְיַת כנור נעים. על אלפי נצניך לא הוּשׁר עוד שיר אביב, ורבבות שׁוֹשָנֶיךָ עוד לא הוּלָלוּ. בתוך מִקְדְשֵי סִבְכִי יעירך לא נשמעה עוד זמרת יה, ועל תועפותיך לא הִרְנִין עוד איש מוצאי בקר וערב – ומה רבה שמחתי! אנכי אנכי הוא ראשון אדם אשר למראה הוד יפעתך יתנוססו רגשות נשגבות במשכיות חדרי לבבו, ורוחו יציקהו לָצֶקֶת הגות לבו עֲלֵי הגיון בכנור – ברעד קֹדש אעפילה איפוא עֲלוֹת על מְרוֹמֶיךָ, ברעד קדש אעירה כנורי, וצלצלי קַוָיו יתפוצצו על כל אפסים, יִנָשְׂאוּ על כנפי הרוח הצח ויגיעו תוך אזני הַהֵד להעירהו משנת עולם… האח! ימי ילדותי חִדשו כנשר נעוריהם, אֲביב עלומי שָׁב אלי בהדרת קדשו, וכל שעשועי הילדות והשחרות נִצבו נֹכַח פני כבירחי קדם – אך מי מִלֵל לי כי אינני עוד ילד שעשועים גם עתה? נגדך אלהי עולם! נגדך עוללים ויונקים אנחנו גם עד זִקנה ועד שֵׂיבָה – הידד! עוד עודני ילד קטן, כִּפָּתִי עוד רעננה, ויונקתי רטובה עוד מִטַּל ילדותי! הבה! אֲדַלֵג על ההרים – אעלה על ראש אמיר – אתהולל בשדות וגנים – אֶחזה לי צִפּוֹר הקיץ המרחפת שם על אֲגַפֵּי זהב – אקטוף לי זֵר פרחים מפִּרחי חֶמד אשר להם הָרִקְמָה – ארחץ בשרי במֵי הנהר – אפרשה כפי לִשְׂחוֹת עד האי הקטן ההוא – אִספו לי עֶדרי חֲבֵרָי! – אֵתָיוּ הֵנָה אַחַי וְרֵעַי! הנה חג היום לנו, חג הִתְקַדֵש חֹדשׁ האביב – ראו נא כי דָשְׁאוּ נְאוֹת שָׂדַי, וגיל גבעות תחגֹרנה – הנה מַקֵל תפארה לְרִכְבָה, הנה אֵזוֹר חלצי למתג ורסן, הנה חרבות עץ וּקְשָׁתוֹת – יקומו נא איפוא הנערים וישחקו לפנינו! – התיצבו במערכה! – התאחדו! הֵימינוּ! – הָשׂימו! – הַשׂמילוּ![ftn2] –.”אך הס הוֹלֵל! אל תָּהֹלָה"" הוי –!, מי זה ירעם כה בקול שַׂחקו? – הקולך זה בְּכוֹר שטן? הקולך זה הה נָחַש השחת אשר תְּקַנֵן בחדרי לבי? הגם פה מצאתני הוי יליד הַתֹּפֶת?2 – הָשַׁע ממני ואבליגה מעט קט! יגער ה' בך השטן! למה זה מִהרת להרעימני מחלום דמיוני? מדוע לא תְחָנֵנִי ולא תִתְּנֵנִי לרכוב רגע קטן על כְּרוּב חזיון רוחי? הלא באמונה עבדתיך מעודי ועד היום הזה! מִמִבְחַר מִיץ חיָתי כִּלכלתיך, ומראשית חלבי ודמי הִרויתיך, וכל אשר שאלת ממני לא אָצלתי ממך! ועתה עֲשֵׂה נא אתי חסד והרפני עד בלעי רֻקי, הניחה נא לי לחלום חלומות ימי נעורי בהקיץ – הה! אך לשוא אתחנן! עֲרֵלָה אֹזֶן הפתן הזה משמוע, ולהכעיסני הוד גם למוגגני יַצֵב כל צרות לבבי נגד עיני ולא יַצֵב גבולות להנה – וכעוף התעופפו כל חזיונותי וחלומותי, וַעֲרוּמָה כיום הִוָלְדָה תֵּתַצַב האמת נֹכַח פני – הה! הנה שַׁבְתִי לגן עדני, אך מה יושיעני זה אם הבאתי אתי התפתה! מה יועיל לצבי מֻדָח בברחו אל מעונתו אחרי אשר נִחתו בו חִצֵי הציָדים? הוא יברח ויד המות אֹחֶזֶת בו, הוא ירבץ ובקרבו רֹבֶצֶת חמת השחת וּתְלַהטהו –. אויה לי! יונק רענן מָלֵא רסיסי טל יַלדות הִסִיעַנִי זמני מִזֶה, ועץ יָבֵשׁ הֲלוּם חֲזִיזֵי רעם השיבני הֵנה! – רוח אלהים רעה כַּעֲנָנָה הֲרַת רשפי אבדון, שֹׁכֶנֶת על בתי נפשי, תְּשַׁלַח ברקים ותפַלח כליותי ולבי, תמַלא עֲטִינַי מרורות פתנים, גם תסכסך בי נחשים שרפים אשר אין להם לחש – אהה! נגזרתי מארץ החיים ואתמשל כרפאים באשמנים, הוי, והנני עדי אֹבֵד! –. אֹבֵד! למה באת הֵנה? מה לך פה ומי לך עוד פה? הן הבט נא, בית אבותיך הֻכָּה כבר לרסיסים, וּשְׁאִיָה יֻכַּת שעריו, ואבותיך – איה הם? גם אחיך ומודעיך עוד אינם – וַאֲביב חייך קֻבַּר גם הוא פֹה במחשכי ארץ נְשִׁיָה, וְאִתוֹ גם חֲלוֹם תקותך על עָפר נָחת! – ומה לך להתנודד כַּצֵל על קברי צלמות אלה? – והחיים אשר הם חיי עדנה, מוּזָר אתה להם, לא ישיתו לבם אל רוממות יגונך, וּקְדוֹשׁ עצבונך לא יחשובו. רוח האמת המתנוססת בך, מְעֻוָת לא יוכל לתקון הוא בעיניהם, ורוח נכון אשר תפעמך, חסרון לא יוכל לְהִמָנוֹת הוא – ואתה רק אתה היית בעוכריך! כי מדוע קרעת בחזקה את סגור לבבך ואת סגור עיניך לחזות באור האמת? מדוע שלחת את ידך לקחת מפרי עץ הדעת? הה! והנה הִנך ברעת רעתך כיום הזה! – –. אך מה זה אראה שם מרחוק? שם בְּכַר נִרְחַב בֵּינוֹת לשיח השדה – הה! חֲצַר המות, בית קברות אבותי – שלום לך שר מנוחה, שר שלום! ושלום לכל המאֻשרים השוכנים בסתר כנפי מנוחתך! – בראותי פניך קמו פתאֹם סערות חלדי לדממה, ונפשי שָבה למנוחתה – האח, פה נְתִיב קֹדֶשׁ אשר לא יְדָעוֹ הָאֵיד, לא שְׁזָפַתוּ עֵין האסון, ולא עָדה עליו צוֹק העתים, ונעלם מעיני פגעי התבל וַהֲבֵל הֲבָלֶיהָ – פה שָׂם ה' חוֹל גבול לים זועף, ים החלד, לְגֵאות דָכְיו וְשׂוֹא גליו, ופה יתן עליו בקולו: “עד כֹּה תָבֹא ולא תוסיף”! -. הַס הֵלֶך! בדממה תצעד הֵנה, שַׁל נעליך מעל רגלך, קַדֵשׁ חדרי לבבך, בתי נפשך קַדֵשָׁה, כי ** אדמת** קֹדשׁ היא. פה ינוחו בני אֵל חָי יָחִיל ודומם עֲדֵי יעירם שופר שדי לֵאוֹר באור חיי עולם – אסורה נא ואראה מי הם המאֻשרים הַנָמִים פה שנת מרגֵעה? – מַצְבוֹת שַׁיִשׁ לא הֻצבו מראשותיהם, ואותות זהב לא ינוצצו עליהן, רק מקלעות פרחים יכתירו את קִברי שֶׁקֶט האלה, וירק דשא זֵר לראשם. כי עַם עני וָדַל חתרו בזה מִיַם חלדם אל חוף המנוחה, ובני עֹנִי יגיעי כֹחַ ינוחו פה על משכבם בשלום. אך ראה נא, שם מבעד הפרחים נשקפות מצבות עץ שִׁפלות קומה, ועליהן כתובים בעט ברזל שמות הישֵׁנים והליכות עוֹלָמָם – שא נא עיניך מי הוא זה האיש אשר התנצל פה את סֵבל החיים מעליו? – הה! אבי! אבי! פה תרגיע, פה תנוח עד כי היום יפוח, ושם מנוחת אליהו אָחִי, בחור נחמד כשושנת האביב על אפיקי מים, אשר סערת המות חֵמה יָצְאָה וַתִּקְטְפֵהוּ בעודו בְאִבּוֹ – ושם – הוי מי זאת המצבה הנשקפה שם מבעד סבכי העצים? למה זה ירעד לבי וְיִתַּר ממקומו? – הה! קֹדֶשׁ המקום הזה לנפשי! שם תנוח אִמי הישָרה – ה' יחונן עפָרה! – אֵלָה עֲבֻתָּה שתולה מראשותיה, ובין עפאיה תהגה יונה תַמָה – כאשר היתה גם היא יקרה ותמימת דרך – מַעין זך יפיץ פלגיו פה על נאות דשא, ומימיו הטהורים כטהרת נפש הורתי, יזלו ויפזזו כֹה וכֹה – הה, פה אתנפל ארצה, פה אֶרצה עֲפָרֵךְ הה הורתי וּבְמוֹ פי אתחנן: ""חוסי נא עלי! חוסי נא אֵם רַחֲמָנִיָה על בנך יחידךְ, ותני נא לו פה אֲחֻזַת-קבר במשכנות מבטחים האלה! הה, עד מתי יַרְעִשֵׁנִי קְשֵׁה יומי כארבה, יוֹרִישֵׁנִי רֵאשׁ וָעֹנִי, יַרְוֵנִי רוֹשׁ ולענה, אף יְיָרֵשׁ את מורשי לבבי? – חלילה לך, אֵם עֲדִינָה, להקשיח את לבך מֵרַחֵם בר לבבך!… אך מה זה תשתוחחי נפשי ותתעטפי עלי? הוחילי נא וַחֲבִי כמעט רגע ובית חמרך יִשָּׁאֶה שממה, ואז תשובי למנוחיכי! – וְאַתְּ ארץ מולדתי! אַתְּ תְּיַשְּׁנִנִי אז בחיקך, תחבקִני בנעימות ימינך, ובִקְדוֹשׁ חֶבְיוֹן אַפִּרְיוֹנֵךְ אישן אנוח עד אחרית הזעם, עד קץ הפלאות, קץ הימין ",ההשכלה
קלמן שולמן,הכליף ועבדו,"בְּשֶׁבֶת הַכַּלִיף חוסיין בן עלי עִם שריו ומיודעיו לאכל לחם, שפך אחד מעבדיו סף אֹרֶז רֹתֵחַ על ראשו, כי נִדחתה ידו. בשצף קצף התנשא הכליף ועיניו מְזָרוֹת זעם על העבד, אך העבד מִהר ויתנפל לרגליו ויקרא לפניו את המקרא הזה מספר הקוראן: “שערי גן עדן פתוחים לפני האיש המאריך אפו ומושל ברוחו”. והנה כרגע שָככה חמת הכליף, ויאמר: “שב אפי ממך”. אך העבד הוסיף לקרוא לפניו את אחרית המקרא ההוא, לאמר: “ולפני האיש הנושא עון ופשע וחטאה”. ""אנכי מֹחֶה פשעך, וחטאתך לא אזכור עוד! "" ענהו הכליף. אולם העבד הוסיף עוד לדבר: “האֵל הטוב אוהב את האיש המשַלם טובה תחת רעה” – –. וימהר הכליף ויושט לו את ידו ויאמר: “הנה אנכי משלח אותך לחפשי וארבע מאות אדרכמונים אשקול לך עוד מבית גְנָזַי”. ברגשי תודה אָחז העבד את רגלי הכליף ויאמר: “דִמְיוֹנְךָ אדוני כעץ עושה פרי אשר יַטה את צִלוֹ ויתן את פִּרְיוֹ גם לְעַז נפש אשר ישליך עליו אבנים” –.",ההשכלה
קלמן שולמן,ידידה וחצר-מות,"ידידיה וחצר-מות, שני רֵעִים אהובים וגדולי חקרי לב, נָזֹרוּ מתשואות קריה וישבו במקדשי התולדה להתחקות על שרשי הליכותיה ופליאות נתיבות חכמתה. ידידיה התרפק על חמדת התולדה בשמחת לבב ועליצות נפש, וחצר-מות עוֹיֵן את יְפַת עין ההיא ובכל הוד מחמדיה ישים תָּהלה. יום יום נועדו יחד לשוח בין שדֵרות אלוני חֹסֶן וישיחו בכל פעלי התולדה והליכות דרכיה. בבֹקר לא עָבות בחדש האביב, בלכתם לשוח בין האלונים כפעם בפעם, נדברו איש אל רעהו כדברים האלה:

ידידיה. הנה היום בהיר בשחקים, על כל נאות שָׂדַי הדרת שַׁדַי שוררת, והתולדה הנחמדה תצהיל פניה לְשַׂמֵח כל נפש ורוח, ורק אתה לבדך תלך קֹדֵר ועל עפעפיך צלמות!

חצר-מות. הֶרף נא ממני! הטרם תֵּדַע כי מְתָעֵב אנכי את גְאוֹן התולדה וכל יפעתה שנאתי מאסתי?

ידידיה. עמל הוא בעיני איכה תזהם כוס ישועות כזאת בשאט בנפש?

חצר-מות. יען כי זבובי מות יבאישו את יֵין רִקחה –. ראה נא, לעיניך תופיע התולדה ככלה חכלילת לְחַיַיִם ביום כלולותיה, ולעיני תראה כַבָּלָה וּנְבָלָה אשר אחרי בְלוֹתָה תקרע בפוךְ עיניה, תמשח קִמְטֵי לחייה בששר ותיטיב דַלַת ראשה לבקש אהבה – מה יפו בגדיה החמודות עִם שלל צבע רקמותיהם! אך מי לא ידע כי מיום היותה תוציא מאוצר הכליון בְּלוֹיֵ סְחָבוֹת וּבְלוֹיֵ מְלָחִים ותעש את הבגדים החמודים ההם? כה עשתה לפני רבּוֹת שנים, כה תעשה גם עתה וכן תעשה גם עד בלתי שמים! אבני הנזר המתנוססות בתוך קְוֻצוֹתֶיהָ וכל עֶדיה וחליתה, שְׁאוּלִים הם לה מיד שְׁאוֹל ואבדון – וכל צאצאיה אך רפאים מֵתֵי עולם הם אשר לרגעים תחליפם ויחלופו ותשוב ותחַדש אותם להוציאם אֶל הֹרֵג – הידעת, הוי עוּל ימים! הידעת עִם מי תֶארח לשוח פֹּה תחת השיחים? הידעת כי עִם מֵתֵי שַׁחַת תתהלך בארצות החיים? הידעת כי רחבת תבל הלזו אחֻזת-קבר היא לאבותיך ולאבות אבותיך? ומי יודע אם לא יִשָׂא הרוח הצח הזה על אֶבְרָתוֹ את שַׁחַק עצמות אבותיך בְּהִזָרוֹתן בארצות תבל וְיִזְרֵהוּ פֹּה על פניךְ? מי יודע אם לא תשתה אבק דק מעורקיהם הַבָּלִים בעת אשר תשבור צמאך על מֵי המַבוע הזה? מי יודע אם לא יתנוסס רְסִיס שמים ההוא אשר הוליד בלב איש אלהים רעיוני קֹדשׁ קדשים, מי יודע אם לא יתנוסס כעת בלב רשע ובן פריץ אשר יהרה שֹׁד ויוליד רֶצַח? – הוי נשפך לארץ כבדי על כבוד האדם אשר מסִבוֹת יתהפך וחליפות מאליפות לו!

ידידיה. שאני ידידי אם אגזֹר אֹמר כי מִלים בלי דעת תצמיד לשונך! מי זה לכפך יתקע כי לא תשובנה גְּוִיוֹת בני האדם אחרי בְלוֹתָן בשחת בְּלִי, לפעול את הפעולות ההן אשר פעלו בעודן בחיים, כאשר תשובנה הַנְשַׁמוֹת לעולל את העלילות אשר עוללו בהיותן כלואות בבתי חֹמֶר? – הטה נא אזנך ושמע נְעִים זמירות הזָמיר על ראשי האלונים שמה, מי יודע אם לא הִתחפש עֲפר גְוִיַת טיבולל בנותן זמירות זה? – מי יודע אם לא יעפילו עפרות גֵו פינדאַר עֲלוֹת על כנפי הנשר הפולח עבי שחקים בתעופותיו? – מי יודע אם לא יְרַחֵף אֲבַק גוּפת אַנאקרעאָן על אברות רוח האביב המנַשב פֹה על פני שושני העמקים? – מי יודע אם לא יתבוללו בשמן תורק, תמרוקי אהובת רֵעַ, אגלי מֹחַ מעצמות אוהבה כי מֵת? – מי יודע אם לא יתלכד שמץ אבקת רעיה אהובה אחרי מותה, באבקת רוכל אשר יריח דודה החי? – ומי יודע אם לא יִצָמְדוּ שרידי עֲפַר אוהבי כסף נושכי נשך, לשקלי הכסף החבושים בטמון בבתי אוצרם? – ראה נא ידידי, מהכוס ההיא אשר רוחך שֹׁתָה מרורות רעל, אשתה אמצה אני נופת צופים –.

חצר-מות. לא במהתלות כאלה תגהה ממני מָזוֹר, נחפשה נא דרכינו בנֵר החכמה ונראה מי יאציל מפיו דבר אמת.

ידידיה. בהסירך עצב מלבך, אז נרדפה לחַפש את דרכינו באור החכמה.

חצר-מות. דבריך ידידי לא יִתָּכֵנוּ, כי על פיהם תהי החכמה כְּעֹטְיָה על מְתִים מחלד, וְתָסֹל לה מְסִלוֹת ללבב כל גבר כפי חליפות תכונות רוחו אם לשמחה אם לתוגה: בפי גבר לא-יצלח תְּמָרֵר בבכי וְתֵמַר לו גם את המתוק, ובפי איש מצליח דרכו, תריע בשמחות וגיל ותמתיק לו גם את המר. הן בִּזְעֹף רוחך תתקצף ותקלל את כל היקום, ובכוס אך הטיבה לבך, אז חכלילי עַיִן מִנִי יַיִן גם את פני מלאכי זעם כראות פני אלהים תראה. ואם תהי כזאת, הלא רְמִיָה היא החכמה, הֹמִיָה וסוררת, פיה ידבר שוא ולשונה תצמיד שקר –. הוי ידידי! לבבי יחשוב כי רק בנוח עליך רוח עצבת, רק אז תנוח עליך גם רוח החכמה, ואז תחכם.

ידידיה. לא אתעצב ולא אתחכם, כי מעצב לא יצמח אֹשֶר ומיגון לא תצא הצלחה –.

חצר-מות. הנה התמלטו מפיך שמות אֹשֶר והצלחה – הה! והם ירדו כמתלהמים תוך חדרי בטני – אֹשֶר? הגידה נא לי איה מקום האֹשר? ומי הוא מאֻשר בארץ? מאבינו הראשון ועד אחרון על עפר יקום, לא השיג בן חלוף אף לא ישיג את מקום רִבְצוֹ – רבבות אֳנִיוֹת שַׁיִט תפרושנה נֵס מני עד לעבור ארחות ים סֹעֵר ולחתור אל אִי הָאֹשֶׁר, ומי הוא זה הדגול מרבבה אשר חפצו בידו הצליח להגיע אל מחוז חפצו? – פה אראה המון רב אחוז בחבלי עֹנִי, יורדים הים באניות, יחוגו ינועו על גלים נִצִים, יגַברו חיָלים לדרוך על במתי תהומות הֹמיוֹת לבעבור חֲתוֹר אל אי האשר, ולנצח אליו לא יגיעו! לנצח יתנודדו במעגלה רחוק רחוק מִתַאוַת נפשם, לנצח יָסֹבּוֹ ויתנועעו בְבַלְהוֹת מָוֶת לארך חוֹף הים, יתחמקו בלאט וְיִצְטַיָדוּ וישובו לחתור אל אִי מַבָּטָם, אך תוחלתם נכזבה ותקותם מפח נפש, בְּדֵי ריק ייעפו האומללים ההם היום למען יִתֹּם לריק כֹּחָם למחר! – כה נסע יתרם בם, כה יצללו מַחצית בני תמותה במים עזים, ימותו, ואתם תמות תקוה! -. ועוד בם שְׁלִישִׁיָה וגם היא תשוב ותהי לבער: רוח מַאֲוָיֶיהָ תצרור אותה בכנפיה, תרהיב בנפשה עֹז להתנודד על נבכי מבוכות תהום רבה בסער ביום סופה, באוַת נפשה שֹׁאפת היא אל עֲפר אִי האשׁר, ורוח סֹעָה וסערה תְּטַלְטְלֶנָה טַלְטֵלָה גבר וּתְקַלְעֵנָה מתהום אל תהום, שוא עֲמַל המלחים להחזיק כֵּן תָּרְנָם! מצולת ים תבלעמו, ובאפס תקוה ירדו שאול חיים ויחדו כֻּלם יכליון! –. ובכל זאת תְּאַזֵר התקוה זיקות בלבות יתר האדם, ובקסמים אשר בידיה תדיחם לנוד לנוע גם הם על בָּמָתֵי גַלֵי רַהַב על גְאוֹן מִשְׁבְּרֵי מָוֶת ובלי מורה דרך ובלי מְנַהֵל, רק על פי כוכבי נבוכה ומאורים מתעים. והנה פתע לפתאֹם יָהֵל ממרחק אִי הָאֹשֶר, “ארץ! ארץ!” יריע רב החובל, “אִי מַבָּטֵנוּ”! יתרועעו יורדי האניה – ובכל מאמצי כּחָם יַחתרו להשיב את האניה אל מחוז תוחלתם, אך בהיות כפשע בינם ובין החוף, פּוֹץ יתפוצץ קרש האניה וירד שאונה והמונה במעמקי ים ואין מציל! – אז יְפָרֵש הַשׂחֶה את כפיו לשחות, יאמץ כחו לַחצות את המים הזידונים, וְהֵרִים והשפיל את אָרבות ידיו עד כי תֹּם לריק כֹּחוֹ, נפשו בזלעפות תֹּפֶת תתמוגג, ובכליון עינים שֹׁאֵף הוא אל ארץ מולדתו ואל ימי עלומיו –. כֹּה יחלפו כָּלִיל כח בני חֲלוֹף ויחלפו, ומבלי מֵשִׁים יסופו יתמו מן בַּלָהוֹת! הה! אך חליפות ותמורות בתבל, ואדם אַיִן אשר ימצא את משאלות לבו. צעירי ימים אֶל ימים יֻצרו יכספו, ושבֵעי ימים אחרי ימי הילדות יִנָהוּ – כל אשר נוסיף דעת, נוסיף דעת כי הדעת רחקה ממנו – כל אשר נָהִינָה עֲלוֹת על שְׁלַבֵּי סֻלם הצדק, תוסיף יד הזמן להדפנו עשר מעלות אֲחֹרַנִית – הוי ידידיה! היש עוד מלה בלשונך? העוד לך לאלוה מלים? –.

ידידיה. הוי חרש רב את יוצרו!

חצר-מות. אל תצדק הרבה! התוכל הרשיעני? עֲנֵה נא בי!

ידידיה. אף אם לא נגיע אל אי האֹשר מְרוֹם קֵץ תוחלתנו, בכל זאת תתענג בדשן נפשנו על המַחזות היקרות אשר תחזינה עינינו בדרך מַסָעֵנוּ – האח, הלא רבבות חֶזיוני נֹעַם וּמַראות נפלאות תראינה עינינו על כל שַׁעַל בהליכות עולמנו…

חצר-מות. הוי! העל כן נשימה נפשנו בכפנו לעבור ארחות יַמִים נוראים, להתנודד כל ימי צבאנו בין נבכי מות על שִׁנֵי כֵפֵי אבדון וסלעי שחת? הלמען הָעִיף עַיִן על מַחזות רְמִיוֹת ההן אשר בִּן רגע יהיו וּבִּן רגע יאבדו, נחָרף נפשנו על מְרוֹמֵי תהום צלמות ומשואות שִממות נצח? – הה ידידיה! שים קנצי לדברי רוח! –.

ידידיה. עד אָן תדברנה שפתיך אִמרי נוֹאָש? מי פתי יסור הֵנה לרמוס בִּצְדִיָה דודאי ריח בגלל אשר לא תמצא ידו שושני אביב? – הַאֶחדל מֵהִתענג על יפעת עפעפי הילל בן שחר בבֹקר צח מִמָגוֹר פן יעיבו עָבֵי חֹשֶׁך את עצם טֹהַר השמים בצהרים? האם לא אתעלס על הוד תכֵלת הרקיע ביום בהיר, מדאָגה בדבר אולי תשכן עליו עננה בטרם יבוא החרסה? או אעלים עיני מזֹהר קרני השמש בְּהִלוֹ נֵרוֹ עֲלֵי ראשי, פן יבעתוהו כמרירי יום לִפְנוֹת ערב? הלא אקטוף שושנת העמקים בעודה פֹּרַחַת, פן תחדל למחר תֵּת ריח ניחוח? עיני חכם אך לְנֹכח יביטו, ולא יחושו עתידות…

חצר-מות. תנחומותיך לא ישעשעו נפשי. הוי ידידי! שִׂם להליכות עולם לבך ובעיניך תראה כי על קְטֹן גזע הששון אלפי ענפי האסון יְסֻבָּכוּ. סְביב רְסיס אחד ממעיני הישועה, יִקָווּ נהרי נחלי דמעות עשוקים. במקום אשר יפצח איש אחד רִנָה, ישאו רבבות אוררי יום קִינָה. ברגע אשר ירכב איש אלהים על כרוב בינתו וְיָעֹף, רבבות חִצֵי שדי אחריו ידלקו –. אהה! אך חזיון בַּלָהוֹת אך פַּלָצָה נִצַחַת וְרֵבֶץ צִבְאות בָּלַע, התבל המאפליה הִנֵה! – כל רגע מרגעי חיינו, קבל עולם הוא אל הרגע אשר חָלַף הָלַך לו – כל צעד אשר נצעד אל אֹרַח החיים קדימה, תִּדַח רגלנו עשרה צעדים אחֹרנית אל משואות נצח – על כל אבק דק, פִּתַח המות את חותם מלכותו – על כל גרגיר חוֹל, כְּתוּבָה הַכְּתֹבֶת הנוראה: “אבדון”! –. על כל אגל טל, על כל נטף מים, נוֹעַ ינוע צלם דמות הַכִּלְיוֹן – הוי ידידיה! הָשַע ממנו ואריד בשיחי! –.

ידידיה. הלא זה דברי כי עיניך רק למרחוק יביטו ומעת הַחַיָה תעלים עיניך! הן הַבֵּט נא על מַפֶּלֶת הָאֹשֶר בנתה האהבה כמו רמים מקדשה! – חצר-מות! כֹּה תחת צללי האלונים, נתנה לי תמר את דודיה בפעם הראשונה –.

חצר-מות (ילך בחפזון) ידידיה! פה תחת צללי האלונים מתה עלי נעמי רעיתי.
",ההשכלה
קלמן שולמן,מוצאי בקר,"כמנורת הַקֹדֶשׁ בהיכל ה‘, יָהֵל השחר בשַפְרִיר שמי קדם. כנפי הודו פרושות על ראשי ההרים, ויפעת עפעפיו על תועפות העפאים מופעת. ידיו גלילי זהב יפתחו דלתות שערי מזרח, ובדומיה קדושה ירתום מרכבת השמש לסוסי שלהבת. כל עצי עדן בגן ה’ יעטו אור כשלמה, וכל שיח השדה ופרחי הררי אלף יזהירו כזהר הרקיע. רוח צח מרחף בלאט על פני מֵי מנוחות, יְסַלְסְלֵם בהמיה נעימה, יְנַטְלֵם וינשאם בנהמת חסד. בין סבכי היערים, כנפי רננים נעלסים ומטיפים מַנגינות צוּף לשַׁמח אלהים ואנשים… הראית בן לא אֹמֶן! הראית מוצאי בקר? התבוננת איך יַרְאֶה השחר במַראה ולא בחידות את מַראוֹת אלהים חיים? השמעת איך יריע בלי אֹמֶר ודברים: ""יד אֵל בראתני! – ""עתה, עתה ראה נא כי מפאתי קדם ים זהב בהוד נורא יופיע! – ראה נא איך תזיל השמש אֶשֶד אור יקרות על פני רקיע השמים! הה, איך היא נאדרת בקדש! – הגד, חוקר! מי פִלֵג לשטף קרני הודה תעָלה, ודרך לזרם זיקות יפעתה? המצאת חֵקר שלהבת-שדי הזאת? הידעת איך היא שֹׁפֶכֶת חֹם צחצחות, וְנֹפֶחֶת רוח חיים באף כל היקום? הידעת איך יָזֹקוּ זיקי עיניה עפרות זהב ברחם הררי עד וכליות חלמיש צורים? איך תְּלַטֵשְׁנָה קרני אִשָהּ שביבי זיו וְתַאזֹרְנה זיקות באבני אקדח, שֹׁהַם ישפה וברקת וכל אבני אש הספונות בלבב סלעי עולם? איך תזיל עָסיס וָנֹפֶת בענבי הגפן המבריקים כעין החשמל על מצח הרי חמד, ובכל מגד תבואות שדי ופרי הלולים? הנגלה לך שמץ דבר ממסתרי פליאותיה? הידעת סוד מרוצת קרניה ומפלאות פעליהן בשמים ממעל ובארץ מתחת? הידעת את תכונתה? ההֻגד לך אם היא רק מנורת קדש ונר ה' להאיר במקדש התולדה, או תבל עם יושבים1 –. ומה המאור הגדול והנורא הזה מול המאורות הגדולים אשר ממעל לו בשמי שמי קדם? וגבוהים וגדולים ונוראים עוד גם עליהם! וגבוהים על גבוהים עד אין סוף עד לאין תכלית! – הה, שימו זאת על לבבכם כל אשר נשמה באפו והתפלצו מהוד אֵל נָאוֹר ועזוז נוראותיו!! – ואתם מנַסֵי אֵל! איך עֻפלה נפשכם לָפוּן באלהי אמן? האם לא תראוהו עַיִן בעין בראותכם את שָׁמָיו מעשה אצבעותיו עם רבי רבבות שמש ירח וכוכבים אשר כּוֹנָן? הלא תשמעו את הוד קולו בשמעכם קול רעם גבורותיו בגלגלי רום? – הה, מֵאֲבְקַת-שֶׁמֶשׁ אשר לא תשורנה עֵין רֹאִי, עד הררי עד הקורעים עבי שחקים בתלפיותיהם – מהאזוב הצומח בקצה גדר הדחויה עד ארזי אֵל התומכים לב השמים בראשי צמרותיהם – מִקְטֹן הנמלה הרוחשת תחת גרגיר אבק דק, עד השנהבים הנוראים התלולים כהררי אֵל, כֻּלם כאחד יִתְּנוּ עֵדיהם ויגידו כי יש אלהים ועיניו משוטטות בכל ממלכות השמים והארץ… ולוּ גם שָאוּ כל רחבי תבל מאין יושב, וכל צבאות עָל יִשָאוּ שממה, אז ירעם גם ים התֹהו: “יש אלהים!” וּתְהוֹם בֹּהוּ יענהו בקול: “נורא אלהים! ה' הוא הָאֱלֹהִים! ה' הוא הָאֱלֹהִים” ! –.
",ההשכלה
קלמן שולמן,מענה מחכמה,"הַכַּלִיף העדשאַדש צִוָה לבל יָעוז אנוש לצאת אחר חצות הלילה מפתח ביתו החוצה, ואשר יִמָצֵא בעת ההיא בשוָקים וברחובות, אחת דתו להָמית. פעם אחת מצא פְקיד העיר שלשה אנשים משוטטים ברחובות קריה אחר חצות הלילה, וישאל הפָקיד אותם לאמר: “מי אתם?” ויען הראשון ויאמר: “אני הגבר אשר לפניו יִשַׁח כל ראש וְיָקֹד כל קדקוד, אשר לפניו ירים כל איש את כּוֹבָעוֹ ויסיר את מצנפתו. אני הגבר אשר לפניו יִקְפְּצוּ מלכים פיהם, ואשר ישפוך דְמֵי רוזנים, וְיֵז נצחם על בגדיו –”. הפקיד חשב בלבו לאמר: “בן מלך הוא זה, או ממשפחת הכליף, ואם אסירה את ראשו מעליו, וְחִיַבְתִּי את ראשי לַכַּלִיף”. וישאל את פי השני: “ומי אתה?” ויען האיש ויאמר: “אנכי יושב על כסא המשפט, וידי תְּחַלֵק בַּקָו לאיש איש כמעשהו, וכל שָרֵי המלך וחכמי יועציו אך ממני יֵצֵאו, כי אנכי גדלתים ורוממתים –”. ככלותו את דבריו, אמר הפקיד בלבו: “אין זה כי אם שופט הארץ או חֲכַם הרָזים, ועל כן לא אֶבָּהֵל ברוחי להעבירו בַשָלַח”. וישאל את פי השלישי לאמר: “ומי אתה אדוני?!”. ויענהו האיש ויאמר: ""אני הוא האיש אשר יש לאל יָדוֹ לתת כָּבוד והדר לאשר יַחפוץ, וכל חכמי לב קצרי יד הם לעשות כמעשַי. אנכי נותן שִמלה ובִגדי יְקר לרוזנים ושָרי המדינות, ואותות המִשרה על שכם המלכים – "". הפקיד חשבהו לאחד הגדולים הרואים את פני המלך והיושבים ראשונה במלכות, ולא עשה גם לו מאומה. ויבֵא את שלשתם אל ביתו, וישמרם עד הבקר. ולפנות בקר הביאם לפני הכליף העדשאַדש, וַיִוָדַע הדבר כי הראשון מהם היה גַלָב (איין בארביר), השני – מורה בבית הספר, השלישי – חַיָט. ובגלל תשובתם הנמרצה במועצות ודעת, שלחם הכליף לחפשי.",ההשכלה
